
> guilded-web@0.1.0 start
> next start

  ▲ Next.js 14.2.5
  - Local:        http://localhost:3000

 ✓ Starting...
 ✓ Ready in 596ms
Error: Failed to find Server Action "0". This request might be from an older or newer deployment. Original error: Cannot read properties of undefined (reading 'workers')
    at rE (/home/jesse/infra/apps/Guilded/web/node_modules/next/dist/compiled/next-server/app-page.runtime.prod.js:16:1686)
    at /home/jesse/infra/apps/Guilded/web/node_modules/next/dist/compiled/next-server/app-page.runtime.prod.js:15:8778
    at AsyncLocalStorage.run (node:internal/async_local_storage/async_hooks:91:14)
    at rR (/home/jesse/infra/apps/Guilded/web/node_modules/next/dist/compiled/next-server/app-page.runtime.prod.js:15:7986)
    at r7 (/home/jesse/infra/apps/Guilded/web/node_modules/next/dist/compiled/next-server/app-page.runtime.prod.js:18:1150)
    at /home/jesse/infra/apps/Guilded/web/node_modules/next/dist/compiled/next-server/app-page.runtime.prod.js:19:726
    at AsyncLocalStorage.run (node:internal/async_local_storage/async_hooks:91:14)
    at Object.wrap (/home/jesse/infra/apps/Guilded/web/node_modules/next/dist/compiled/next-server/app-page.runtime.prod.js:13:16657)
    at /home/jesse/infra/apps/Guilded/web/node_modules/next/dist/compiled/next-server/app-page.runtime.prod.js:19:616
    at AsyncLocalStorage.run (node:internal/async_local_storage/async_hooks:91:14)
 ⨯ Error: Invariant: expected pageData to be a string, got undefined
    at NextNodeServer.renderToResponseWithComponentsImpl (/home/jesse/infra/apps/Guilded/web/node_modules/next/dist/server/base-server.js:1804:27)
    at async NextNodeServer.renderPageComponent (/home/jesse/infra/apps/Guilded/web/node_modules/next/dist/server/base-server.js:1931:24)
    at async NextNodeServer.renderToResponseImpl (/home/jesse/infra/apps/Guilded/web/node_modules/next/dist/server/base-server.js:1969:32)
    at async NextNodeServer.pipeImpl (/home/jesse/infra/apps/Guilded/web/node_modules/next/dist/server/base-server.js:920:25)
    at async NextNodeServer.handleCatchallRenderRequest (/home/jesse/infra/apps/Guilded/web/node_modules/next/dist/server/next-server.js:272:17)
    at async NextNodeServer.handleRequestImpl (/home/jesse/infra/apps/Guilded/web/node_modules/next/dist/server/base-server.js:816:17)
    at async invokeRender (/home/jesse/infra/apps/Guilded/web/node_modules/next/dist/server/lib/router-server.js:174:21)
    at async handleRequest (/home/jesse/infra/apps/Guilded/web/node_modules/next/dist/server/lib/router-server.js:353:24)
    at async requestHandlerImpl (/home/jesse/infra/apps/Guilded/web/node_modules/next/dist/server/lib/router-server.js:377:13)
    at async Server.requestListener (/home/jesse/infra/apps/Guilded/web/node_modules/next/dist/server/lib/start-server.js:141:13)
Error: Failed to find Server Action "0". This request might be from an older or newer deployment. Original error: Cannot read properties of undefined (reading 'workers')
    at rE (/home/jesse/infra/apps/Guilded/web/node_modules/next/dist/compiled/next-server/app-page.runtime.prod.js:16:1686)
    at /home/jesse/infra/apps/Guilded/web/node_modules/next/dist/compiled/next-server/app-page.runtime.prod.js:15:8778
    at AsyncLocalStorage.run (node:internal/async_local_storage/async_hooks:91:14)
    at rR (/home/jesse/infra/apps/Guilded/web/node_modules/next/dist/compiled/next-server/app-page.runtime.prod.js:15:7986)
    at r7 (/home/jesse/infra/apps/Guilded/web/node_modules/next/dist/compiled/next-server/app-page.runtime.prod.js:18:1150)
    at /home/jesse/infra/apps/Guilded/web/node_modules/next/dist/compiled/next-server/app-page.runtime.prod.js:19:726
    at AsyncLocalStorage.run (node:internal/async_local_storage/async_hooks:91:14)
    at Object.wrap (/home/jesse/infra/apps/Guilded/web/node_modules/next/dist/compiled/next-server/app-page.runtime.prod.js:13:16657)
    at /home/jesse/infra/apps/Guilded/web/node_modules/next/dist/compiled/next-server/app-page.runtime.prod.js:19:616
    at AsyncLocalStorage.run (node:internal/async_local_storage/async_hooks:91:14)
 ⨯ Error: Invariant: expected pageData to be a string, got undefined
    at NextNodeServer.renderToResponseWithComponentsImpl (/home/jesse/infra/apps/Guilded/web/node_modules/next/dist/server/base-server.js:1804:27)
    at async NextNodeServer.renderPageComponent (/home/jesse/infra/apps/Guilded/web/node_modules/next/dist/server/base-server.js:1931:24)
    at async NextNodeServer.renderToResponseImpl (/home/jesse/infra/apps/Guilded/web/node_modules/next/dist/server/base-server.js:1969:32)
    at async NextNodeServer.pipeImpl (/home/jesse/infra/apps/Guilded/web/node_modules/next/dist/server/base-server.js:920:25)
    at async NextNodeServer.handleCatchallRenderRequest (/home/jesse/infra/apps/Guilded/web/node_modules/next/dist/server/next-server.js:272:17)
    at async NextNodeServer.handleRequestImpl (/home/jesse/infra/apps/Guilded/web/node_modules/next/dist/server/base-server.js:816:17)
    at async invokeRender (/home/jesse/infra/apps/Guilded/web/node_modules/next/dist/server/lib/router-server.js:174:21)
    at async handleRequest (/home/jesse/infra/apps/Guilded/web/node_modules/next/dist/server/lib/router-server.js:353:24)
    at async requestHandlerImpl (/home/jesse/infra/apps/Guilded/web/node_modules/next/dist/server/lib/router-server.js:377:13)
    at async Server.requestListener (/home/jesse/infra/apps/Guilded/web/node_modules/next/dist/server/lib/start-server.js:141:13)
Error: Failed to find Server Action "x". This request might be from an older or newer deployment. Original error: Cannot read properties of undefined (reading 'workers')
    at rE (/home/jesse/infra/apps/Guilded/web/node_modules/next/dist/compiled/next-server/app-page.runtime.prod.js:16:1686)
    at /home/jesse/infra/apps/Guilded/web/node_modules/next/dist/compiled/next-server/app-page.runtime.prod.js:16:303
    at process.processTicksAndRejections (node:internal/process/task_queues:103:5)
    at async rR (/home/jesse/infra/apps/Guilded/web/node_modules/next/dist/compiled/next-server/app-page.runtime.prod.js:15:7978)
    at async r7 (/home/jesse/infra/apps/Guilded/web/node_modules/next/dist/compiled/next-server/app-page.runtime.prod.js:18:1144)
    at async doRender (/home/jesse/infra/apps/Guilded/web/node_modules/next/dist/server/base-server.js:1438:30)
    at async cacheEntry.responseCache.get.routeKind (/home/jesse/infra/apps/Guilded/web/node_modules/next/dist/server/base-server.js:1599:28)
    at async NextNodeServer.renderToResponseWithComponentsImpl (/home/jesse/infra/apps/Guilded/web/node_modules/next/dist/server/base-server.js:1507:28)
    at async NextNodeServer.renderErrorToResponseImpl (/home/jesse/infra/apps/Guilded/web/node_modules/next/dist/server/base-server.js:2189:24)
    at async pipe.req.req (/home/jesse/infra/apps/Guilded/web/node_modules/next/dist/server/base-server.js:2063:30)
Error: Failed to find Server Action "x". This request might be from an older or newer deployment. Original error: Cannot read properties of undefined (reading 'workers')
    at rE (/home/jesse/infra/apps/Guilded/web/node_modules/next/dist/compiled/next-server/app-page.runtime.prod.js:16:1686)
    at /home/jesse/infra/apps/Guilded/web/node_modules/next/dist/compiled/next-server/app-page.runtime.prod.js:16:303
    at process.processTicksAndRejections (node:internal/process/task_queues:103:5)
    at async rR (/home/jesse/infra/apps/Guilded/web/node_modules/next/dist/compiled/next-server/app-page.runtime.prod.js:15:7978)
    at async r7 (/home/jesse/infra/apps/Guilded/web/node_modules/next/dist/compiled/next-server/app-page.runtime.prod.js:18:1144)
    at async doRender (/home/jesse/infra/apps/Guilded/web/node_modules/next/dist/server/base-server.js:1438:30)
    at async cacheEntry.responseCache.get.routeKind (/home/jesse/infra/apps/Guilded/web/node_modules/next/dist/server/base-server.js:1599:28)
    at async NextNodeServer.renderToResponseWithComponentsImpl (/home/jesse/infra/apps/Guilded/web/node_modules/next/dist/server/base-server.js:1507:28)
    at async NextNodeServer.renderErrorToResponseImpl (/home/jesse/infra/apps/Guilded/web/node_modules/next/dist/server/base-server.js:2189:24)
    at async pipe.req.req (/home/jesse/infra/apps/Guilded/web/node_modules/next/dist/server/base-server.js:2063:30)
Error: Failed to find Server Action "x". This request might be from an older or newer deployment. Original error: Cannot read properties of undefined (reading 'workers')
    at rE (/home/jesse/infra/apps/Guilded/web/node_modules/next/dist/compiled/next-server/app-page.runtime.prod.js:16:1686)
    at /home/jesse/infra/apps/Guilded/web/node_modules/next/dist/compiled/next-server/app-page.runtime.prod.js:16:303
    at process.processTicksAndRejections (node:internal/process/task_queues:103:5)
    at async rR (/home/jesse/infra/apps/Guilded/web/node_modules/next/dist/compiled/next-server/app-page.runtime.prod.js:15:7978)
    at async r7 (/home/jesse/infra/apps/Guilded/web/node_modules/next/dist/compiled/next-server/app-page.runtime.prod.js:18:1144)
    at async doRender (/home/jesse/infra/apps/Guilded/web/node_modules/next/dist/server/base-server.js:1438:30)
    at async cacheEntry.responseCache.get.routeKind (/home/jesse/infra/apps/Guilded/web/node_modules/next/dist/server/base-server.js:1599:28)
    at async NextNodeServer.renderToResponseWithComponentsImpl (/home/jesse/infra/apps/Guilded/web/node_modules/next/dist/server/base-server.js:1507:28)
    at async NextNodeServer.renderErrorToResponseImpl (/home/jesse/infra/apps/Guilded/web/node_modules/next/dist/server/base-server.js:2189:24)
    at async pipe.req.req (/home/jesse/infra/apps/Guilded/web/node_modules/next/dist/server/base-server.js:2063:30)
Error: Failed to find Server Action "x". This request might be from an older or newer deployment. Original error: Cannot read properties of undefined (reading 'workers')
    at rE (/home/jesse/infra/apps/Guilded/web/node_modules/next/dist/compiled/next-server/app-page.runtime.prod.js:16:1686)
    at /home/jesse/infra/apps/Guilded/web/node_modules/next/dist/compiled/next-server/app-page.runtime.prod.js:16:303
    at process.processTicksAndRejections (node:internal/process/task_queues:103:5)
    at async rR (/home/jesse/infra/apps/Guilded/web/node_modules/next/dist/compiled/next-server/app-page.runtime.prod.js:15:7978)
    at async r7 (/home/jesse/infra/apps/Guilded/web/node_modules/next/dist/compiled/next-server/app-page.runtime.prod.js:18:1144)
    at async doRender (/home/jesse/infra/apps/Guilded/web/node_modules/next/dist/server/base-server.js:1438:30)
    at async cacheEntry.responseCache.get.routeKind (/home/jesse/infra/apps/Guilded/web/node_modules/next/dist/server/base-server.js:1599:28)
    at async NextNodeServer.renderToResponseWithComponentsImpl (/home/jesse/infra/apps/Guilded/web/node_modules/next/dist/server/base-server.js:1507:28)
    at async NextNodeServer.renderErrorToResponseImpl (/home/jesse/infra/apps/Guilded/web/node_modules/next/dist/server/base-server.js:2189:24)
    at async pipe.req.req (/home/jesse/infra/apps/Guilded/web/node_modules/next/dist/server/base-server.js:2063:30)
Error: Failed to find Server Action "x". This request might be from an older or newer deployment. Original error: Cannot read properties of undefined (reading 'workers')
    at rE (/home/jesse/infra/apps/Guilded/web/node_modules/next/dist/compiled/next-server/app-page.runtime.prod.js:16:1686)
    at /home/jesse/infra/apps/Guilded/web/node_modules/next/dist/compiled/next-server/app-page.runtime.prod.js:16:303
    at process.processTicksAndRejections (node:internal/process/task_queues:103:5)
    at async rR (/home/jesse/infra/apps/Guilded/web/node_modules/next/dist/compiled/next-server/app-page.runtime.prod.js:15:7978)
    at async r7 (/home/jesse/infra/apps/Guilded/web/node_modules/next/dist/compiled/next-server/app-page.runtime.prod.js:18:1144)
    at async doRender (/home/jesse/infra/apps/Guilded/web/node_modules/next/dist/server/base-server.js:1438:30)
    at async cacheEntry.responseCache.get.routeKind (/home/jesse/infra/apps/Guilded/web/node_modules/next/dist/server/base-server.js:1599:28)
    at async NextNodeServer.renderToResponseWithComponentsImpl (/home/jesse/infra/apps/Guilded/web/node_modules/next/dist/server/base-server.js:1507:28)
    at async NextNodeServer.renderErrorToResponseImpl (/home/jesse/infra/apps/Guilded/web/node_modules/next/dist/server/base-server.js:2189:24)
    at async pipe.req.req (/home/jesse/infra/apps/Guilded/web/node_modules/next/dist/server/base-server.js:2063:30)
Error: Failed to find Server Action "x". This request might be from an older or newer deployment. Original error: Cannot read properties of undefined (reading 'workers')
    at rE (/home/jesse/infra/apps/Guilded/web/node_modules/next/dist/compiled/next-server/app-page.runtime.prod.js:16:1686)
    at /home/jesse/infra/apps/Guilded/web/node_modules/next/dist/compiled/next-server/app-page.runtime.prod.js:16:303
    at process.processTicksAndRejections (node:internal/process/task_queues:103:5)
    at async rR (/home/jesse/infra/apps/Guilded/web/node_modules/next/dist/compiled/next-server/app-page.runtime.prod.js:15:7978)
    at async r7 (/home/jesse/infra/apps/Guilded/web/node_modules/next/dist/compiled/next-server/app-page.runtime.prod.js:18:1144)
    at async doRender (/home/jesse/infra/apps/Guilded/web/node_modules/next/dist/server/base-server.js:1438:30)
    at async cacheEntry.responseCache.get.routeKind (/home/jesse/infra/apps/Guilded/web/node_modules/next/dist/server/base-server.js:1599:28)
    at async NextNodeServer.renderToResponseWithComponentsImpl (/home/jesse/infra/apps/Guilded/web/node_modules/next/dist/server/base-server.js:1507:28)
    at async NextNodeServer.renderErrorToResponseImpl (/home/jesse/infra/apps/Guilded/web/node_modules/next/dist/server/base-server.js:2189:24)
    at async pipe.req.req (/home/jesse/infra/apps/Guilded/web/node_modules/next/dist/server/base-server.js:2063:30)
Error: Failed to find Server Action "x". This request might be from an older or newer deployment. Original error: Cannot read properties of undefined (reading 'workers')
    at rE (/home/jesse/infra/apps/Guilded/web/node_modules/next/dist/compiled/next-server/app-page.runtime.prod.js:16:1686)
    at /home/jesse/infra/apps/Guilded/web/node_modules/next/dist/compiled/next-server/app-page.runtime.prod.js:16:303
    at process.processTicksAndRejections (node:internal/process/task_queues:103:5)
    at async rR (/home/jesse/infra/apps/Guilded/web/node_modules/next/dist/compiled/next-server/app-page.runtime.prod.js:15:7978)
    at async r7 (/home/jesse/infra/apps/Guilded/web/node_modules/next/dist/compiled/next-server/app-page.runtime.prod.js:18:1144)
    at async doRender (/home/jesse/infra/apps/Guilded/web/node_modules/next/dist/server/base-server.js:1438:30)
    at async cacheEntry.responseCache.get.routeKind (/home/jesse/infra/apps/Guilded/web/node_modules/next/dist/server/base-server.js:1599:28)
    at async NextNodeServer.renderToResponseWithComponentsImpl (/home/jesse/infra/apps/Guilded/web/node_modules/next/dist/server/base-server.js:1507:28)
    at async NextNodeServer.renderErrorToResponseImpl (/home/jesse/infra/apps/Guilded/web/node_modules/next/dist/server/base-server.js:2189:24)
    at async pipe.req.req (/home/jesse/infra/apps/Guilded/web/node_modules/next/dist/server/base-server.js:2063:30)
Error: Failed to find Server Action "x". This request might be from an older or newer deployment. Original error: Cannot read properties of undefined (reading 'workers')
    at rE (/home/jesse/infra/apps/Guilded/web/node_modules/next/dist/compiled/next-server/app-page.runtime.prod.js:16:1686)
    at /home/jesse/infra/apps/Guilded/web/node_modules/next/dist/compiled/next-server/app-page.runtime.prod.js:16:303
    at process.processTicksAndRejections (node:internal/process/task_queues:103:5)
    at async rR (/home/jesse/infra/apps/Guilded/web/node_modules/next/dist/compiled/next-server/app-page.runtime.prod.js:15:7978)
    at async r7 (/home/jesse/infra/apps/Guilded/web/node_modules/next/dist/compiled/next-server/app-page.runtime.prod.js:18:1144)
    at async doRender (/home/jesse/infra/apps/Guilded/web/node_modules/next/dist/server/base-server.js:1438:30)
    at async cacheEntry.responseCache.get.routeKind (/home/jesse/infra/apps/Guilded/web/node_modules/next/dist/server/base-server.js:1599:28)
    at async NextNodeServer.renderToResponseWithComponentsImpl (/home/jesse/infra/apps/Guilded/web/node_modules/next/dist/server/base-server.js:1507:28)
    at async NextNodeServer.renderPageComponent (/home/jesse/infra/apps/Guilded/web/node_modules/next/dist/server/base-server.js:1931:24)
    at async NextNodeServer.renderToResponseImpl (/home/jesse/infra/apps/Guilded/web/node_modules/next/dist/server/base-server.js:1969:32)
Error: Failed to find Server Action "x". This request might be from an older or newer deployment. Original error: Cannot read properties of undefined (reading 'workers')
    at rE (/home/jesse/infra/apps/Guilded/web/node_modules/next/dist/compiled/next-server/app-page.runtime.prod.js:16:1686)
    at /home/jesse/infra/apps/Guilded/web/node_modules/next/dist/compiled/next-server/app-page.runtime.prod.js:16:303
    at process.processTicksAndRejections (node:internal/process/task_queues:103:5)
    at async rR (/home/jesse/infra/apps/Guilded/web/node_modules/next/dist/compiled/next-server/app-page.runtime.prod.js:15:7978)
    at async r7 (/home/jesse/infra/apps/Guilded/web/node_modules/next/dist/compiled/next-server/app-page.runtime.prod.js:18:1144)
    at async doRender (/home/jesse/infra/apps/Guilded/web/node_modules/next/dist/server/base-server.js:1438:30)
    at async cacheEntry.responseCache.get.routeKind (/home/jesse/infra/apps/Guilded/web/node_modules/next/dist/server/base-server.js:1599:28)
    at async NextNodeServer.renderToResponseWithComponentsImpl (/home/jesse/infra/apps/Guilded/web/node_modules/next/dist/server/base-server.js:1507:28)
    at async NextNodeServer.renderErrorToResponseImpl (/home/jesse/infra/apps/Guilded/web/node_modules/next/dist/server/base-server.js:2189:24)
    at async pipe.req.req (/home/jesse/infra/apps/Guilded/web/node_modules/next/dist/server/base-server.js:2063:30)
SyntaxError: Bad control character in string literal in JSON at position 267 (line 1 column 268)
    at JSON.parse (<anonymous>)
    at ez (/home/jesse/infra/apps/Guilded/web/node_modules/next/dist/compiled/next-server/app-page.runtime.prod.js:12:172824)
    at eZ (/home/jesse/infra/apps/Guilded/web/node_modules/next/dist/compiled/next-server/app-page.runtime.prod.js:12:175284)
    at e.exports.<anonymous> (/home/jesse/infra/apps/Guilded/web/node_modules/next/dist/compiled/next-server/app-page.runtime.prod.js:12:176895)
    at e.exports.emit (node:events:519:28)
    at e.exports.U [as _cb] (/home/jesse/infra/apps/Guilded/web/node_modules/next/dist/compiled/next-server/app-page.runtime.prod.js:1:7995)
    at /home/jesse/infra/apps/Guilded/web/node_modules/next/dist/compiled/next-server/app-page.runtime.prod.js:2:15318
    at e.exports.push (/home/jesse/infra/apps/Guilded/web/node_modules/next/dist/compiled/next-server/app-page.runtime.prod.js:2:15546)
    at e.exports._write (/home/jesse/infra/apps/Guilded/web/node_modules/next/dist/compiled/next-server/app-page.runtime.prod.js:2:177)
    at writeOrBuffer (node:internal/streams/writable:572:12) {
  digest: '150927375'
}
SyntaxError: Bad control character in string literal in JSON at position 267 (line 1 column 268)
    at JSON.parse (<anonymous>)
    at ez (/home/jesse/infra/apps/Guilded/web/node_modules/next/dist/compiled/next-server/app-page.runtime.prod.js:12:172824)
    at eZ (/home/jesse/infra/apps/Guilded/web/node_modules/next/dist/compiled/next-server/app-page.runtime.prod.js:12:175284)
    at e.exports.<anonymous> (/home/jesse/infra/apps/Guilded/web/node_modules/next/dist/compiled/next-server/app-page.runtime.prod.js:12:176895)
    at e.exports.emit (node:events:519:28)
    at e.exports.U [as _cb] (/home/jesse/infra/apps/Guilded/web/node_modules/next/dist/compiled/next-server/app-page.runtime.prod.js:1:7995)
    at /home/jesse/infra/apps/Guilded/web/node_modules/next/dist/compiled/next-server/app-page.runtime.prod.js:2:15318
    at e.exports.push (/home/jesse/infra/apps/Guilded/web/node_modules/next/dist/compiled/next-server/app-page.runtime.prod.js:2:15546)
    at e.exports._write (/home/jesse/infra/apps/Guilded/web/node_modules/next/dist/compiled/next-server/app-page.runtime.prod.js:2:177)
    at writeOrBuffer (node:internal/streams/writable:572:12) {
  digest: '150927375'
}
Error: Failed to find Server Action "x". This request might be from an older or newer deployment. Original error: Cannot read properties of undefined (reading 'workers')
    at rE (/home/jesse/infra/apps/Guilded/web/node_modules/next/dist/compiled/next-server/app-page.runtime.prod.js:16:1686)
    at /home/jesse/infra/apps/Guilded/web/node_modules/next/dist/compiled/next-server/app-page.runtime.prod.js:16:303
    at process.processTicksAndRejections (node:internal/process/task_queues:103:5)
    at async rR (/home/jesse/infra/apps/Guilded/web/node_modules/next/dist/compiled/next-server/app-page.runtime.prod.js:15:7978)
    at async r7 (/home/jesse/infra/apps/Guilded/web/node_modules/next/dist/compiled/next-server/app-page.runtime.prod.js:18:1144)
    at async doRender (/home/jesse/infra/apps/Guilded/web/node_modules/next/dist/server/base-server.js:1438:30)
    at async cacheEntry.responseCache.get.routeKind (/home/jesse/infra/apps/Guilded/web/node_modules/next/dist/server/base-server.js:1599:28)
    at async NextNodeServer.renderToResponseWithComponentsImpl (/home/jesse/infra/apps/Guilded/web/node_modules/next/dist/server/base-server.js:1507:28)
    at async NextNodeServer.renderErrorToResponseImpl (/home/jesse/infra/apps/Guilded/web/node_modules/next/dist/server/base-server.js:2189:24)
    at async pipe.req.req (/home/jesse/infra/apps/Guilded/web/node_modules/next/dist/server/base-server.js:2063:30)
SyntaxError: Bad control character in string literal in JSON at position 267 (line 1 column 268)
    at JSON.parse (<anonymous>)
    at ez (/home/jesse/infra/apps/Guilded/web/node_modules/next/dist/compiled/next-server/app-page.runtime.prod.js:12:172824)
    at eZ (/home/jesse/infra/apps/Guilded/web/node_modules/next/dist/compiled/next-server/app-page.runtime.prod.js:12:175284)
    at e.exports.<anonymous> (/home/jesse/infra/apps/Guilded/web/node_modules/next/dist/compiled/next-server/app-page.runtime.prod.js:12:176895)
    at e.exports.emit (node:events:519:28)
    at e.exports.U [as _cb] (/home/jesse/infra/apps/Guilded/web/node_modules/next/dist/compiled/next-server/app-page.runtime.prod.js:1:7995)
    at /home/jesse/infra/apps/Guilded/web/node_modules/next/dist/compiled/next-server/app-page.runtime.prod.js:2:15318
    at e.exports.push (/home/jesse/infra/apps/Guilded/web/node_modules/next/dist/compiled/next-server/app-page.runtime.prod.js:2:15546)
    at e.exports._write (/home/jesse/infra/apps/Guilded/web/node_modules/next/dist/compiled/next-server/app-page.runtime.prod.js:2:177)
    at writeOrBuffer (node:internal/streams/writable:572:12) {
  digest: '150927375'
}
SyntaxError: Bad control character in string literal in JSON at position 267 (line 1 column 268)
    at JSON.parse (<anonymous>)
    at ez (/home/jesse/infra/apps/Guilded/web/node_modules/next/dist/compiled/next-server/app-page.runtime.prod.js:12:172824)
    at eZ (/home/jesse/infra/apps/Guilded/web/node_modules/next/dist/compiled/next-server/app-page.runtime.prod.js:12:175284)
    at e.exports.<anonymous> (/home/jesse/infra/apps/Guilded/web/node_modules/next/dist/compiled/next-server/app-page.runtime.prod.js:12:176895)
    at e.exports.emit (node:events:519:28)
    at e.exports.U [as _cb] (/home/jesse/infra/apps/Guilded/web/node_modules/next/dist/compiled/next-server/app-page.runtime.prod.js:1:7995)
    at /home/jesse/infra/apps/Guilded/web/node_modules/next/dist/compiled/next-server/app-page.runtime.prod.js:2:15318
    at e.exports.push (/home/jesse/infra/apps/Guilded/web/node_modules/next/dist/compiled/next-server/app-page.runtime.prod.js:2:15546)
    at e.exports._write (/home/jesse/infra/apps/Guilded/web/node_modules/next/dist/compiled/next-server/app-page.runtime.prod.js:2:177)
    at writeOrBuffer (node:internal/streams/writable:572:12) {
  digest: '150927375'
}
SyntaxError: Bad control character in string literal in JSON at position 267 (line 1 column 268)
    at JSON.parse (<anonymous>)
    at ez (/home/jesse/infra/apps/Guilded/web/node_modules/next/dist/compiled/next-server/app-page.runtime.prod.js:12:172824)
    at eZ (/home/jesse/infra/apps/Guilded/web/node_modules/next/dist/compiled/next-server/app-page.runtime.prod.js:12:175284)
    at e.exports.<anonymous> (/home/jesse/infra/apps/Guilded/web/node_modules/next/dist/compiled/next-server/app-page.runtime.prod.js:12:176895)
    at e.exports.emit (node:events:519:28)
    at e.exports.U [as _cb] (/home/jesse/infra/apps/Guilded/web/node_modules/next/dist/compiled/next-server/app-page.runtime.prod.js:1:7995)
    at /home/jesse/infra/apps/Guilded/web/node_modules/next/dist/compiled/next-server/app-page.runtime.prod.js:2:15318
    at e.exports.push (/home/jesse/infra/apps/Guilded/web/node_modules/next/dist/compiled/next-server/app-page.runtime.prod.js:2:15546)
    at e.exports._write (/home/jesse/infra/apps/Guilded/web/node_modules/next/dist/compiled/next-server/app-page.runtime.prod.js:2:177)
    at writeOrBuffer (node:internal/streams/writable:572:12) {
  digest: '150927375'
}
SyntaxError: Bad control character in string literal in JSON at position 267 (line 1 column 268)
    at JSON.parse (<anonymous>)
    at ez (/home/jesse/infra/apps/Guilded/web/node_modules/next/dist/compiled/next-server/app-page.runtime.prod.js:12:172824)
    at eZ (/home/jesse/infra/apps/Guilded/web/node_modules/next/dist/compiled/next-server/app-page.runtime.prod.js:12:175284)
    at e.exports.<anonymous> (/home/jesse/infra/apps/Guilded/web/node_modules/next/dist/compiled/next-server/app-page.runtime.prod.js:12:176895)
    at e.exports.emit (node:events:519:28)
    at e.exports.U [as _cb] (/home/jesse/infra/apps/Guilded/web/node_modules/next/dist/compiled/next-server/app-page.runtime.prod.js:1:7995)
    at /home/jesse/infra/apps/Guilded/web/node_modules/next/dist/compiled/next-server/app-page.runtime.prod.js:2:15318
    at e.exports.push (/home/jesse/infra/apps/Guilded/web/node_modules/next/dist/compiled/next-server/app-page.runtime.prod.js:2:15546)
    at e.exports._write (/home/jesse/infra/apps/Guilded/web/node_modules/next/dist/compiled/next-server/app-page.runtime.prod.js:2:177)
    at writeOrBuffer (node:internal/streams/writable:572:12) {
  digest: '150927375'
}
Error: Failed to find Server Action "x". This request might be from an older or newer deployment. Original error: Cannot read properties of undefined (reading 'workers')
    at rE (/home/jesse/infra/apps/Guilded/web/node_modules/next/dist/compiled/next-server/app-page.runtime.prod.js:16:1686)
    at /home/jesse/infra/apps/Guilded/web/node_modules/next/dist/compiled/next-server/app-page.runtime.prod.js:16:303
    at process.processTicksAndRejections (node:internal/process/task_queues:103:5)
    at async rR (/home/jesse/infra/apps/Guilded/web/node_modules/next/dist/compiled/next-server/app-page.runtime.prod.js:15:7978)
    at async r7 (/home/jesse/infra/apps/Guilded/web/node_modules/next/dist/compiled/next-server/app-page.runtime.prod.js:18:1144)
    at async doRender (/home/jesse/infra/apps/Guilded/web/node_modules/next/dist/server/base-server.js:1438:30)
    at async cacheEntry.responseCache.get.routeKind (/home/jesse/infra/apps/Guilded/web/node_modules/next/dist/server/base-server.js:1599:28)
    at async NextNodeServer.renderToResponseWithComponentsImpl (/home/jesse/infra/apps/Guilded/web/node_modules/next/dist/server/base-server.js:1507:28)
    at async NextNodeServer.renderErrorToResponseImpl (/home/jesse/infra/apps/Guilded/web/node_modules/next/dist/server/base-server.js:2189:24)
    at async pipe.req.req (/home/jesse/infra/apps/Guilded/web/node_modules/next/dist/server/base-server.js:2063:30)
Killed
  ▲ Next.js 14.2.5
  - Local:        http://localhost:3000
  - Network:      http://0.0.0.0:3000

 ✓ Starting...
 ✓ Ready in 502ms
SyntaxError: Bad control character in string literal in JSON at position 214 (line 1 column 215)
    at JSON.parse (<anonymous>)
    at ez (/home/jesse/infra/apps/Guilded/web/node_modules/next/dist/compiled/next-server/app-page.runtime.prod.js:12:172824)
    at eZ (/home/jesse/infra/apps/Guilded/web/node_modules/next/dist/compiled/next-server/app-page.runtime.prod.js:12:175284)
    at e.exports.<anonymous> (/home/jesse/infra/apps/Guilded/web/node_modules/next/dist/compiled/next-server/app-page.runtime.prod.js:12:176895)
    at e.exports.emit (node:events:519:28)
    at e.exports.U [as _cb] (/home/jesse/infra/apps/Guilded/web/node_modules/next/dist/compiled/next-server/app-page.runtime.prod.js:1:7995)
    at /home/jesse/infra/apps/Guilded/web/node_modules/next/dist/compiled/next-server/app-page.runtime.prod.js:2:15318
    at e.exports.push (/home/jesse/infra/apps/Guilded/web/node_modules/next/dist/compiled/next-server/app-page.runtime.prod.js:2:15546)
    at e.exports._write (/home/jesse/infra/apps/Guilded/web/node_modules/next/dist/compiled/next-server/app-page.runtime.prod.js:2:177)
    at writeOrBuffer (node:internal/streams/writable:572:12) {
  digest: '6576783'
}
Error: Failed to find Server Action "x". This request might be from an older or newer deployment. Original error: Cannot read properties of undefined (reading 'workers')
    at rE (/home/jesse/infra/apps/Guilded/web/node_modules/next/dist/compiled/next-server/app-page.runtime.prod.js:16:1686)
    at /home/jesse/infra/apps/Guilded/web/node_modules/next/dist/compiled/next-server/app-page.runtime.prod.js:16:303
    at process.processTicksAndRejections (node:internal/process/task_queues:103:5)
    at async rR (/home/jesse/infra/apps/Guilded/web/node_modules/next/dist/compiled/next-server/app-page.runtime.prod.js:15:7978)
    at async r7 (/home/jesse/infra/apps/Guilded/web/node_modules/next/dist/compiled/next-server/app-page.runtime.prod.js:18:1144)
    at async doRender (/home/jesse/infra/apps/Guilded/web/node_modules/next/dist/server/base-server.js:1438:30)
    at async cacheEntry.responseCache.get.routeKind (/home/jesse/infra/apps/Guilded/web/node_modules/next/dist/server/base-server.js:1599:28)
    at async NextNodeServer.renderToResponseWithComponentsImpl (/home/jesse/infra/apps/Guilded/web/node_modules/next/dist/server/base-server.js:1507:28)
    at async NextNodeServer.renderErrorToResponseImpl (/home/jesse/infra/apps/Guilded/web/node_modules/next/dist/server/base-server.js:2189:24)
    at async pipe.req.req (/home/jesse/infra/apps/Guilded/web/node_modules/next/dist/server/base-server.js:2063:30)
TypeError: Cannot read properties of null (reading 'digest')
    at /home/jesse/infra/apps/Guilded/web/node_modules/next/dist/compiled/next-server/app-page.runtime.prod.js:13:18520
    at AsyncLocalStorage.run (node:internal/async_local_storage/async_hooks:91:14)
    at e_ (/home/jesse/infra/apps/Guilded/web/node_modules/next/dist/compiled/next-server/app-page.runtime.prod.js:12:141547)
    at /home/jesse/infra/apps/Guilded/web/node_modules/next/dist/compiled/next-server/app-page.runtime.prod.js:12:138889
    at process.processTicksAndRejections (node:internal/process/task_queues:103:5)
Error: Failed to find Server Action "x". This request might be from an older or newer deployment. Original error: Cannot read properties of undefined (reading 'workers')
    at rE (/home/jesse/infra/apps/Guilded/web/node_modules/next/dist/compiled/next-server/app-page.runtime.prod.js:16:1686)
    at /home/jesse/infra/apps/Guilded/web/node_modules/next/dist/compiled/next-server/app-page.runtime.prod.js:16:303
    at process.processTicksAndRejections (node:internal/process/task_queues:103:5)
    at async rR (/home/jesse/infra/apps/Guilded/web/node_modules/next/dist/compiled/next-server/app-page.runtime.prod.js:15:7978)
    at async r7 (/home/jesse/infra/apps/Guilded/web/node_modules/next/dist/compiled/next-server/app-page.runtime.prod.js:18:1144)
    at async doRender (/home/jesse/infra/apps/Guilded/web/node_modules/next/dist/server/base-server.js:1438:30)
    at async cacheEntry.responseCache.get.routeKind (/home/jesse/infra/apps/Guilded/web/node_modules/next/dist/server/base-server.js:1599:28)
    at async NextNodeServer.renderToResponseWithComponentsImpl (/home/jesse/infra/apps/Guilded/web/node_modules/next/dist/server/base-server.js:1507:28)
    at async NextNodeServer.renderPageComponent (/home/jesse/infra/apps/Guilded/web/node_modules/next/dist/server/base-server.js:1931:24)
    at async NextNodeServer.renderToResponseImpl (/home/jesse/infra/apps/Guilded/web/node_modules/next/dist/server/base-server.js:1969:32)
Error: Failed to find Server Action "x". This request might be from an older or newer deployment. Original error: Cannot read properties of undefined (reading 'workers')
    at rE (/home/jesse/infra/apps/Guilded/web/node_modules/next/dist/compiled/next-server/app-page.runtime.prod.js:16:1686)
    at /home/jesse/infra/apps/Guilded/web/node_modules/next/dist/compiled/next-server/app-page.runtime.prod.js:16:303
    at process.processTicksAndRejections (node:internal/process/task_queues:103:5)
    at async rR (/home/jesse/infra/apps/Guilded/web/node_modules/next/dist/compiled/next-server/app-page.runtime.prod.js:15:7978)
    at async r7 (/home/jesse/infra/apps/Guilded/web/node_modules/next/dist/compiled/next-server/app-page.runtime.prod.js:18:1144)
    at async doRender (/home/jesse/infra/apps/Guilded/web/node_modules/next/dist/server/base-server.js:1438:30)
    at async cacheEntry.responseCache.get.routeKind (/home/jesse/infra/apps/Guilded/web/node_modules/next/dist/server/base-server.js:1599:28)
    at async NextNodeServer.renderToResponseWithComponentsImpl (/home/jesse/infra/apps/Guilded/web/node_modules/next/dist/server/base-server.js:1507:28)
    at async NextNodeServer.renderErrorToResponseImpl (/home/jesse/infra/apps/Guilded/web/node_modules/next/dist/server/base-server.js:2189:24)
    at async pipe.req.req (/home/jesse/infra/apps/Guilded/web/node_modules/next/dist/server/base-server.js:2063:30)
Error: Failed to find Server Action "x". This request might be from an older or newer deployment. Original error: Cannot read properties of undefined (reading 'workers')
    at rE (/home/jesse/infra/apps/Guilded/web/node_modules/next/dist/compiled/next-server/app-page.runtime.prod.js:16:1686)
    at /home/jesse/infra/apps/Guilded/web/node_modules/next/dist/compiled/next-server/app-page.runtime.prod.js:16:303
    at process.processTicksAndRejections (node:internal/process/task_queues:103:5)
    at async rR (/home/jesse/infra/apps/Guilded/web/node_modules/next/dist/compiled/next-server/app-page.runtime.prod.js:15:7978)
    at async r7 (/home/jesse/infra/apps/Guilded/web/node_modules/next/dist/compiled/next-server/app-page.runtime.prod.js:18:1144)
    at async doRender (/home/jesse/infra/apps/Guilded/web/node_modules/next/dist/server/base-server.js:1438:30)
    at async cacheEntry.responseCache.get.routeKind (/home/jesse/infra/apps/Guilded/web/node_modules/next/dist/server/base-server.js:1599:28)
    at async NextNodeServer.renderToResponseWithComponentsImpl (/home/jesse/infra/apps/Guilded/web/node_modules/next/dist/server/base-server.js:1507:28)
    at async NextNodeServer.renderErrorToResponseImpl (/home/jesse/infra/apps/Guilded/web/node_modules/next/dist/server/base-server.js:2189:24)
    at async pipe.req.req (/home/jesse/infra/apps/Guilded/web/node_modules/next/dist/server/base-server.js:2063:30)
Error: Failed to find Server Action "x". This request might be from an older or newer deployment. Original error: Cannot read properties of undefined (reading 'workers')
    at rE (/home/jesse/infra/apps/Guilded/web/node_modules/next/dist/compiled/next-server/app-page.runtime.prod.js:16:1686)
    at /home/jesse/infra/apps/Guilded/web/node_modules/next/dist/compiled/next-server/app-page.runtime.prod.js:16:303
    at process.processTicksAndRejections (node:internal/process/task_queues:103:5)
    at async rR (/home/jesse/infra/apps/Guilded/web/node_modules/next/dist/compiled/next-server/app-page.runtime.prod.js:15:7978)
    at async r7 (/home/jesse/infra/apps/Guilded/web/node_modules/next/dist/compiled/next-server/app-page.runtime.prod.js:18:1144)
    at async doRender (/home/jesse/infra/apps/Guilded/web/node_modules/next/dist/server/base-server.js:1438:30)
    at async cacheEntry.responseCache.get.routeKind (/home/jesse/infra/apps/Guilded/web/node_modules/next/dist/server/base-server.js:1599:28)
    at async NextNodeServer.renderToResponseWithComponentsImpl (/home/jesse/infra/apps/Guilded/web/node_modules/next/dist/server/base-server.js:1507:28)
    at async NextNodeServer.renderPageComponent (/home/jesse/infra/apps/Guilded/web/node_modules/next/dist/server/base-server.js:1931:24)
    at async NextNodeServer.renderToResponseImpl (/home/jesse/infra/apps/Guilded/web/node_modules/next/dist/server/base-server.js:1969:32)
Error: Failed to find Server Action "x". This request might be from an older or newer deployment. Original error: Cannot read properties of undefined (reading 'workers')
    at rE (/home/jesse/infra/apps/Guilded/web/node_modules/next/dist/compiled/next-server/app-page.runtime.prod.js:16:1686)
    at /home/jesse/infra/apps/Guilded/web/node_modules/next/dist/compiled/next-server/app-page.runtime.prod.js:16:303
    at process.processTicksAndRejections (node:internal/process/task_queues:103:5)
    at async rR (/home/jesse/infra/apps/Guilded/web/node_modules/next/dist/compiled/next-server/app-page.runtime.prod.js:15:7978)
    at async r7 (/home/jesse/infra/apps/Guilded/web/node_modules/next/dist/compiled/next-server/app-page.runtime.prod.js:18:1144)
    at async doRender (/home/jesse/infra/apps/Guilded/web/node_modules/next/dist/server/base-server.js:1438:30)
    at async cacheEntry.responseCache.get.routeKind (/home/jesse/infra/apps/Guilded/web/node_modules/next/dist/server/base-server.js:1599:28)
    at async NextNodeServer.renderToResponseWithComponentsImpl (/home/jesse/infra/apps/Guilded/web/node_modules/next/dist/server/base-server.js:1507:28)
    at async NextNodeServer.renderErrorToResponseImpl (/home/jesse/infra/apps/Guilded/web/node_modules/next/dist/server/base-server.js:2189:24)
    at async pipe.req.req (/home/jesse/infra/apps/Guilded/web/node_modules/next/dist/server/base-server.js:2063:30)
Error: Failed to find Server Action "x". This request might be from an older or newer deployment. Original error: Cannot read properties of undefined (reading 'workers')
    at rE (/home/jesse/infra/apps/Guilded/web/node_modules/next/dist/compiled/next-server/app-page.runtime.prod.js:16:1686)
    at /home/jesse/infra/apps/Guilded/web/node_modules/next/dist/compiled/next-server/app-page.runtime.prod.js:16:303
    at process.processTicksAndRejections (node:internal/process/task_queues:103:5)
    at async rR (/home/jesse/infra/apps/Guilded/web/node_modules/next/dist/compiled/next-server/app-page.runtime.prod.js:15:7978)
    at async r7 (/home/jesse/infra/apps/Guilded/web/node_modules/next/dist/compiled/next-server/app-page.runtime.prod.js:18:1144)
    at async doRender (/home/jesse/infra/apps/Guilded/web/node_modules/next/dist/server/base-server.js:1438:30)
    at async cacheEntry.responseCache.get.routeKind (/home/jesse/infra/apps/Guilded/web/node_modules/next/dist/server/base-server.js:1599:28)
    at async NextNodeServer.renderToResponseWithComponentsImpl (/home/jesse/infra/apps/Guilded/web/node_modules/next/dist/server/base-server.js:1507:28)
    at async NextNodeServer.renderErrorToResponseImpl (/home/jesse/infra/apps/Guilded/web/node_modules/next/dist/server/base-server.js:2189:24)
    at async pipe.req.req (/home/jesse/infra/apps/Guilded/web/node_modules/next/dist/server/base-server.js:2063:30)
Error: Failed to find Server Action "x". This request might be from an older or newer deployment. Original error: Cannot read properties of undefined (reading 'workers')
    at rE (/home/jesse/infra/apps/Guilded/web/node_modules/next/dist/compiled/next-server/app-page.runtime.prod.js:16:1686)
    at /home/jesse/infra/apps/Guilded/web/node_modules/next/dist/compiled/next-server/app-page.runtime.prod.js:16:303
    at process.processTicksAndRejections (node:internal/process/task_queues:103:5)
    at async rR (/home/jesse/infra/apps/Guilded/web/node_modules/next/dist/compiled/next-server/app-page.runtime.prod.js:15:7978)
    at async r7 (/home/jesse/infra/apps/Guilded/web/node_modules/next/dist/compiled/next-server/app-page.runtime.prod.js:18:1144)
    at async doRender (/home/jesse/infra/apps/Guilded/web/node_modules/next/dist/server/base-server.js:1438:30)
    at async cacheEntry.responseCache.get.routeKind (/home/jesse/infra/apps/Guilded/web/node_modules/next/dist/server/base-server.js:1599:28)
    at async NextNodeServer.renderToResponseWithComponentsImpl (/home/jesse/infra/apps/Guilded/web/node_modules/next/dist/server/base-server.js:1507:28)
    at async NextNodeServer.renderErrorToResponseImpl (/home/jesse/infra/apps/Guilded/web/node_modules/next/dist/server/base-server.js:2189:24)
    at async pipe.req.req (/home/jesse/infra/apps/Guilded/web/node_modules/next/dist/server/base-server.js:2063:30)
Error: Failed to find Server Action "x". This request might be from an older or newer deployment. Original error: Cannot read properties of undefined (reading 'workers')
    at rE (/home/jesse/infra/apps/Guilded/web/node_modules/next/dist/compiled/next-server/app-page.runtime.prod.js:16:1686)
    at /home/jesse/infra/apps/Guilded/web/node_modules/next/dist/compiled/next-server/app-page.runtime.prod.js:16:303
    at process.processTicksAndRejections (node:internal/process/task_queues:103:5)
    at async rR (/home/jesse/infra/apps/Guilded/web/node_modules/next/dist/compiled/next-server/app-page.runtime.prod.js:15:7978)
    at async r7 (/home/jesse/infra/apps/Guilded/web/node_modules/next/dist/compiled/next-server/app-page.runtime.prod.js:18:1144)
    at async doRender (/home/jesse/infra/apps/Guilded/web/node_modules/next/dist/server/base-server.js:1438:30)
    at async cacheEntry.responseCache.get.routeKind (/home/jesse/infra/apps/Guilded/web/node_modules/next/dist/server/base-server.js:1599:28)
    at async NextNodeServer.renderToResponseWithComponentsImpl (/home/jesse/infra/apps/Guilded/web/node_modules/next/dist/server/base-server.js:1507:28)
    at async NextNodeServer.renderErrorToResponseImpl (/home/jesse/infra/apps/Guilded/web/node_modules/next/dist/server/base-server.js:2189:24)
    at async pipe.req.req (/home/jesse/infra/apps/Guilded/web/node_modules/next/dist/server/base-server.js:2063:30)
Error: Failed to find Server Action "x". This request might be from an older or newer deployment. Original error: Cannot read properties of undefined (reading 'workers')
    at rE (/home/jesse/infra/apps/Guilded/web/node_modules/next/dist/compiled/next-server/app-page.runtime.prod.js:16:1686)
    at /home/jesse/infra/apps/Guilded/web/node_modules/next/dist/compiled/next-server/app-page.runtime.prod.js:16:303
    at process.processTicksAndRejections (node:internal/process/task_queues:103:5)
    at async rR (/home/jesse/infra/apps/Guilded/web/node_modules/next/dist/compiled/next-server/app-page.runtime.prod.js:15:7978)
    at async r7 (/home/jesse/infra/apps/Guilded/web/node_modules/next/dist/compiled/next-server/app-page.runtime.prod.js:18:1144)
    at async doRender (/home/jesse/infra/apps/Guilded/web/node_modules/next/dist/server/base-server.js:1438:30)
    at async cacheEntry.responseCache.get.routeKind (/home/jesse/infra/apps/Guilded/web/node_modules/next/dist/server/base-server.js:1599:28)
    at async NextNodeServer.renderToResponseWithComponentsImpl (/home/jesse/infra/apps/Guilded/web/node_modules/next/dist/server/base-server.js:1507:28)
    at async NextNodeServer.renderErrorToResponseImpl (/home/jesse/infra/apps/Guilded/web/node_modules/next/dist/server/base-server.js:2189:24)
    at async pipe.req.req (/home/jesse/infra/apps/Guilded/web/node_modules/next/dist/server/base-server.js:2063:30)
TypeError: Cannot read properties of null (reading 'digest')
    at /home/jesse/infra/apps/Guilded/web/node_modules/next/dist/compiled/next-server/app-page.runtime.prod.js:13:18520
    at AsyncLocalStorage.run (node:internal/async_local_storage/async_hooks:91:14)
    at e_ (/home/jesse/infra/apps/Guilded/web/node_modules/next/dist/compiled/next-server/app-page.runtime.prod.js:12:141547)
    at /home/jesse/infra/apps/Guilded/web/node_modules/next/dist/compiled/next-server/app-page.runtime.prod.js:12:138889
    at process.processTicksAndRejections (node:internal/process/task_queues:103:5)
SyntaxError: Bad control character in string literal in JSON at position 267 (line 1 column 268)
    at JSON.parse (<anonymous>)
    at ez (/home/jesse/infra/apps/Guilded/web/node_modules/next/dist/compiled/next-server/app-page.runtime.prod.js:12:172824)
    at eZ (/home/jesse/infra/apps/Guilded/web/node_modules/next/dist/compiled/next-server/app-page.runtime.prod.js:12:175284)
    at e.exports.<anonymous> (/home/jesse/infra/apps/Guilded/web/node_modules/next/dist/compiled/next-server/app-page.runtime.prod.js:12:176895)
    at e.exports.emit (node:events:519:28)
    at e.exports.U [as _cb] (/home/jesse/infra/apps/Guilded/web/node_modules/next/dist/compiled/next-server/app-page.runtime.prod.js:1:7995)
    at /home/jesse/infra/apps/Guilded/web/node_modules/next/dist/compiled/next-server/app-page.runtime.prod.js:2:15318
    at e.exports.push (/home/jesse/infra/apps/Guilded/web/node_modules/next/dist/compiled/next-server/app-page.runtime.prod.js:2:15546)
    at e.exports._write (/home/jesse/infra/apps/Guilded/web/node_modules/next/dist/compiled/next-server/app-page.runtime.prod.js:2:177)
    at writeOrBuffer (node:internal/streams/writable:572:12) {
  digest: '150927375'
}
TypeError: Cannot read properties of null (reading 'digest')
    at /home/jesse/infra/apps/Guilded/web/node_modules/next/dist/compiled/next-server/app-page.runtime.prod.js:13:18520
    at AsyncLocalStorage.run (node:internal/async_local_storage/async_hooks:91:14)
    at e_ (/home/jesse/infra/apps/Guilded/web/node_modules/next/dist/compiled/next-server/app-page.runtime.prod.js:12:141547)
    at /home/jesse/infra/apps/Guilded/web/node_modules/next/dist/compiled/next-server/app-page.runtime.prod.js:12:138889
    at process.processTicksAndRejections (node:internal/process/task_queues:103:5)
Error: Failed to find Server Action "x". This request might be from an older or newer deployment. Original error: Cannot read properties of undefined (reading 'workers')
    at rE (/home/jesse/infra/apps/Guilded/web/node_modules/next/dist/compiled/next-server/app-page.runtime.prod.js:16:1686)
    at /home/jesse/infra/apps/Guilded/web/node_modules/next/dist/compiled/next-server/app-page.runtime.prod.js:16:303
    at process.processTicksAndRejections (node:internal/process/task_queues:103:5)
    at async rR (/home/jesse/infra/apps/Guilded/web/node_modules/next/dist/compiled/next-server/app-page.runtime.prod.js:15:7978)
    at async r7 (/home/jesse/infra/apps/Guilded/web/node_modules/next/dist/compiled/next-server/app-page.runtime.prod.js:18:1144)
    at async doRender (/home/jesse/infra/apps/Guilded/web/node_modules/next/dist/server/base-server.js:1438:30)
    at async cacheEntry.responseCache.get.routeKind (/home/jesse/infra/apps/Guilded/web/node_modules/next/dist/server/base-server.js:1599:28)
    at async NextNodeServer.renderToResponseWithComponentsImpl (/home/jesse/infra/apps/Guilded/web/node_modules/next/dist/server/base-server.js:1507:28)
    at async NextNodeServer.renderPageComponent (/home/jesse/infra/apps/Guilded/web/node_modules/next/dist/server/base-server.js:1931:24)
    at async NextNodeServer.renderToResponseImpl (/home/jesse/infra/apps/Guilded/web/node_modules/next/dist/server/base-server.js:1969:32)
Error: Failed to find Server Action "x". This request might be from an older or newer deployment. Original error: Cannot read properties of undefined (reading 'workers')
    at rE (/home/jesse/infra/apps/Guilded/web/node_modules/next/dist/compiled/next-server/app-page.runtime.prod.js:16:1686)
    at /home/jesse/infra/apps/Guilded/web/node_modules/next/dist/compiled/next-server/app-page.runtime.prod.js:16:303
    at process.processTicksAndRejections (node:internal/process/task_queues:103:5)
    at async rR (/home/jesse/infra/apps/Guilded/web/node_modules/next/dist/compiled/next-server/app-page.runtime.prod.js:15:7978)
    at async r7 (/home/jesse/infra/apps/Guilded/web/node_modules/next/dist/compiled/next-server/app-page.runtime.prod.js:18:1144)
    at async doRender (/home/jesse/infra/apps/Guilded/web/node_modules/next/dist/server/base-server.js:1438:30)
    at async cacheEntry.responseCache.get.routeKind (/home/jesse/infra/apps/Guilded/web/node_modules/next/dist/server/base-server.js:1599:28)
    at async NextNodeServer.renderToResponseWithComponentsImpl (/home/jesse/infra/apps/Guilded/web/node_modules/next/dist/server/base-server.js:1507:28)
    at async NextNodeServer.renderErrorToResponseImpl (/home/jesse/infra/apps/Guilded/web/node_modules/next/dist/server/base-server.js:2189:24)
    at async pipe.req.req (/home/jesse/infra/apps/Guilded/web/node_modules/next/dist/server/base-server.js:2063:30)
Error: Failed to find Server Action "x". This request might be from an older or newer deployment. Original error: Cannot read properties of undefined (reading 'workers')
    at rE (/home/jesse/infra/apps/Guilded/web/node_modules/next/dist/compiled/next-server/app-page.runtime.prod.js:16:1686)
    at /home/jesse/infra/apps/Guilded/web/node_modules/next/dist/compiled/next-server/app-page.runtime.prod.js:16:303
    at process.processTicksAndRejections (node:internal/process/task_queues:103:5)
    at async rR (/home/jesse/infra/apps/Guilded/web/node_modules/next/dist/compiled/next-server/app-page.runtime.prod.js:15:7978)
    at async r7 (/home/jesse/infra/apps/Guilded/web/node_modules/next/dist/compiled/next-server/app-page.runtime.prod.js:18:1144)
    at async doRender (/home/jesse/infra/apps/Guilded/web/node_modules/next/dist/server/base-server.js:1438:30)
    at async cacheEntry.responseCache.get.routeKind (/home/jesse/infra/apps/Guilded/web/node_modules/next/dist/server/base-server.js:1599:28)
    at async NextNodeServer.renderToResponseWithComponentsImpl (/home/jesse/infra/apps/Guilded/web/node_modules/next/dist/server/base-server.js:1507:28)
    at async NextNodeServer.renderErrorToResponseImpl (/home/jesse/infra/apps/Guilded/web/node_modules/next/dist/server/base-server.js:2189:24)
    at async pipe.req.req (/home/jesse/infra/apps/Guilded/web/node_modules/next/dist/server/base-server.js:2063:30)
Error: Failed to find Server Action "x". This request might be from an older or newer deployment. Original error: Cannot read properties of undefined (reading 'workers')
    at rE (/home/jesse/infra/apps/Guilded/web/node_modules/next/dist/compiled/next-server/app-page.runtime.prod.js:16:1686)
    at /home/jesse/infra/apps/Guilded/web/node_modules/next/dist/compiled/next-server/app-page.runtime.prod.js:16:303
    at process.processTicksAndRejections (node:internal/process/task_queues:103:5)
    at async rR (/home/jesse/infra/apps/Guilded/web/node_modules/next/dist/compiled/next-server/app-page.runtime.prod.js:15:7978)
    at async r7 (/home/jesse/infra/apps/Guilded/web/node_modules/next/dist/compiled/next-server/app-page.runtime.prod.js:18:1144)
    at async doRender (/home/jesse/infra/apps/Guilded/web/node_modules/next/dist/server/base-server.js:1438:30)
    at async cacheEntry.responseCache.get.routeKind (/home/jesse/infra/apps/Guilded/web/node_modules/next/dist/server/base-server.js:1599:28)
    at async NextNodeServer.renderToResponseWithComponentsImpl (/home/jesse/infra/apps/Guilded/web/node_modules/next/dist/server/base-server.js:1507:28)
    at async NextNodeServer.renderErrorToResponseImpl (/home/jesse/infra/apps/Guilded/web/node_modules/next/dist/server/base-server.js:2189:24)
    at async pipe.req.req (/home/jesse/infra/apps/Guilded/web/node_modules/next/dist/server/base-server.js:2063:30)
Error: Failed to find Server Action "x". This request might be from an older or newer deployment. Original error: Cannot read properties of undefined (reading 'workers')
    at rE (/home/jesse/infra/apps/Guilded/web/node_modules/next/dist/compiled/next-server/app-page.runtime.prod.js:16:1686)
    at /home/jesse/infra/apps/Guilded/web/node_modules/next/dist/compiled/next-server/app-page.runtime.prod.js:16:303
    at process.processTicksAndRejections (node:internal/process/task_queues:103:5)
    at async rR (/home/jesse/infra/apps/Guilded/web/node_modules/next/dist/compiled/next-server/app-page.runtime.prod.js:15:7978)
    at async r7 (/home/jesse/infra/apps/Guilded/web/node_modules/next/dist/compiled/next-server/app-page.runtime.prod.js:18:1144)
    at async doRender (/home/jesse/infra/apps/Guilded/web/node_modules/next/dist/server/base-server.js:1438:30)
    at async cacheEntry.responseCache.get.routeKind (/home/jesse/infra/apps/Guilded/web/node_modules/next/dist/server/base-server.js:1599:28)
    at async NextNodeServer.renderToResponseWithComponentsImpl (/home/jesse/infra/apps/Guilded/web/node_modules/next/dist/server/base-server.js:1507:28)
    at async NextNodeServer.renderErrorToResponseImpl (/home/jesse/infra/apps/Guilded/web/node_modules/next/dist/server/base-server.js:2189:24)
    at async pipe.req.req (/home/jesse/infra/apps/Guilded/web/node_modules/next/dist/server/base-server.js:2063:30)
Error: Failed to find Server Action "x". This request might be from an older or newer deployment. Original error: Cannot read properties of undefined (reading 'workers')
    at rE (/home/jesse/infra/apps/Guilded/web/node_modules/next/dist/compiled/next-server/app-page.runtime.prod.js:16:1686)
    at /home/jesse/infra/apps/Guilded/web/node_modules/next/dist/compiled/next-server/app-page.runtime.prod.js:16:303
    at process.processTicksAndRejections (node:internal/process/task_queues:103:5)
    at async rR (/home/jesse/infra/apps/Guilded/web/node_modules/next/dist/compiled/next-server/app-page.runtime.prod.js:15:7978)
    at async r7 (/home/jesse/infra/apps/Guilded/web/node_modules/next/dist/compiled/next-server/app-page.runtime.prod.js:18:1144)
    at async doRender (/home/jesse/infra/apps/Guilded/web/node_modules/next/dist/server/base-server.js:1438:30)
    at async cacheEntry.responseCache.get.routeKind (/home/jesse/infra/apps/Guilded/web/node_modules/next/dist/server/base-server.js:1599:28)
    at async NextNodeServer.renderToResponseWithComponentsImpl (/home/jesse/infra/apps/Guilded/web/node_modules/next/dist/server/base-server.js:1507:28)
    at async NextNodeServer.renderErrorToResponseImpl (/home/jesse/infra/apps/Guilded/web/node_modules/next/dist/server/base-server.js:2189:24)
    at async pipe.req.req (/home/jesse/infra/apps/Guilded/web/node_modules/next/dist/server/base-server.js:2063:30)
Error: Failed to find Server Action "x". This request might be from an older or newer deployment. Original error: Cannot read properties of undefined (reading 'workers')
    at rE (/home/jesse/infra/apps/Guilded/web/node_modules/next/dist/compiled/next-server/app-page.runtime.prod.js:16:1686)
    at /home/jesse/infra/apps/Guilded/web/node_modules/next/dist/compiled/next-server/app-page.runtime.prod.js:16:303
    at process.processTicksAndRejections (node:internal/process/task_queues:103:5)
    at async rR (/home/jesse/infra/apps/Guilded/web/node_modules/next/dist/compiled/next-server/app-page.runtime.prod.js:15:7978)
    at async r7 (/home/jesse/infra/apps/Guilded/web/node_modules/next/dist/compiled/next-server/app-page.runtime.prod.js:18:1144)
    at async doRender (/home/jesse/infra/apps/Guilded/web/node_modules/next/dist/server/base-server.js:1438:30)
    at async cacheEntry.responseCache.get.routeKind (/home/jesse/infra/apps/Guilded/web/node_modules/next/dist/server/base-server.js:1599:28)
    at async NextNodeServer.renderToResponseWithComponentsImpl (/home/jesse/infra/apps/Guilded/web/node_modules/next/dist/server/base-server.js:1507:28)
    at async NextNodeServer.renderErrorToResponseImpl (/home/jesse/infra/apps/Guilded/web/node_modules/next/dist/server/base-server.js:2189:24)
    at async pipe.req.req (/home/jesse/infra/apps/Guilded/web/node_modules/next/dist/server/base-server.js:2063:30)
TypeError: Cannot read properties of null (reading 'digest')
    at /home/jesse/infra/apps/Guilded/web/node_modules/next/dist/compiled/next-server/app-page.runtime.prod.js:13:18520
    at AsyncLocalStorage.run (node:internal/async_local_storage/async_hooks:91:14)
    at e_ (/home/jesse/infra/apps/Guilded/web/node_modules/next/dist/compiled/next-server/app-page.runtime.prod.js:12:141547)
    at /home/jesse/infra/apps/Guilded/web/node_modules/next/dist/compiled/next-server/app-page.runtime.prod.js:12:138889
    at process.processTicksAndRejections (node:internal/process/task_queues:103:5)
TypeError: Cannot read properties of null (reading 'digest')
    at /home/jesse/infra/apps/Guilded/web/node_modules/next/dist/compiled/next-server/app-page.runtime.prod.js:13:18520
    at AsyncLocalStorage.run (node:internal/async_local_storage/async_hooks:91:14)
    at e_ (/home/jesse/infra/apps/Guilded/web/node_modules/next/dist/compiled/next-server/app-page.runtime.prod.js:12:141547)
    at /home/jesse/infra/apps/Guilded/web/node_modules/next/dist/compiled/next-server/app-page.runtime.prod.js:12:138889
    at process.processTicksAndRejections (node:internal/process/task_queues:103:5)
Error: Failed to find Server Action "x". This request might be from an older or newer deployment. Original error: Cannot read properties of undefined (reading 'workers')
    at rE (/home/jesse/infra/apps/Guilded/web/node_modules/next/dist/compiled/next-server/app-page.runtime.prod.js:16:1686)
    at /home/jesse/infra/apps/Guilded/web/node_modules/next/dist/compiled/next-server/app-page.runtime.prod.js:16:303
    at process.processTicksAndRejections (node:internal/process/task_queues:103:5)
    at async rR (/home/jesse/infra/apps/Guilded/web/node_modules/next/dist/compiled/next-server/app-page.runtime.prod.js:15:7978)
    at async r7 (/home/jesse/infra/apps/Guilded/web/node_modules/next/dist/compiled/next-server/app-page.runtime.prod.js:18:1144)
    at async doRender (/home/jesse/infra/apps/Guilded/web/node_modules/next/dist/server/base-server.js:1438:30)
    at async cacheEntry.responseCache.get.routeKind (/home/jesse/infra/apps/Guilded/web/node_modules/next/dist/server/base-server.js:1599:28)
    at async NextNodeServer.renderToResponseWithComponentsImpl (/home/jesse/infra/apps/Guilded/web/node_modules/next/dist/server/base-server.js:1507:28)
    at async NextNodeServer.renderPageComponent (/home/jesse/infra/apps/Guilded/web/node_modules/next/dist/server/base-server.js:1931:24)
    at async NextNodeServer.renderToResponseImpl (/home/jesse/infra/apps/Guilded/web/node_modules/next/dist/server/base-server.js:1969:32)
TypeError: Cannot read properties of null (reading 'digest')
    at /home/jesse/infra/apps/Guilded/web/node_modules/next/dist/compiled/next-server/app-page.runtime.prod.js:13:18520
    at AsyncLocalStorage.run (node:internal/async_local_storage/async_hooks:91:14)
    at e_ (/home/jesse/infra/apps/Guilded/web/node_modules/next/dist/compiled/next-server/app-page.runtime.prod.js:12:141547)
    at /home/jesse/infra/apps/Guilded/web/node_modules/next/dist/compiled/next-server/app-page.runtime.prod.js:12:138889
    at process.processTicksAndRejections (node:internal/process/task_queues:103:5)
TypeError: Cannot read properties of null (reading 'digest')
    at /home/jesse/infra/apps/Guilded/web/node_modules/next/dist/compiled/next-server/app-page.runtime.prod.js:13:18520
    at AsyncLocalStorage.run (node:internal/async_local_storage/async_hooks:91:14)
    at e_ (/home/jesse/infra/apps/Guilded/web/node_modules/next/dist/compiled/next-server/app-page.runtime.prod.js:12:141547)
    at /home/jesse/infra/apps/Guilded/web/node_modules/next/dist/compiled/next-server/app-page.runtime.prod.js:12:138889
    at process.processTicksAndRejections (node:internal/process/task_queues:103:5)
TypeError: Cannot read properties of null (reading 'digest')
    at /home/jesse/infra/apps/Guilded/web/node_modules/next/dist/compiled/next-server/app-page.runtime.prod.js:13:18520
    at AsyncLocalStorage.run (node:internal/async_local_storage/async_hooks:91:14)
    at e_ (/home/jesse/infra/apps/Guilded/web/node_modules/next/dist/compiled/next-server/app-page.runtime.prod.js:12:141547)
    at /home/jesse/infra/apps/Guilded/web/node_modules/next/dist/compiled/next-server/app-page.runtime.prod.js:12:138889
    at process.processTicksAndRejections (node:internal/process/task_queues:103:5)
TypeError: Cannot read properties of null (reading 'digest')
    at /home/jesse/infra/apps/Guilded/web/node_modules/next/dist/compiled/next-server/app-page.runtime.prod.js:13:18520
    at AsyncLocalStorage.run (node:internal/async_local_storage/async_hooks:91:14)
    at e_ (/home/jesse/infra/apps/Guilded/web/node_modules/next/dist/compiled/next-server/app-page.runtime.prod.js:12:141547)
    at /home/jesse/infra/apps/Guilded/web/node_modules/next/dist/compiled/next-server/app-page.runtime.prod.js:12:138889
    at process.processTicksAndRejections (node:internal/process/task_queues:103:5)
TypeError: Cannot read properties of null (reading 'digest')
    at /home/jesse/infra/apps/Guilded/web/node_modules/next/dist/compiled/next-server/app-page.runtime.prod.js:13:18520
    at AsyncLocalStorage.run (node:internal/async_local_storage/async_hooks:91:14)
    at e_ (/home/jesse/infra/apps/Guilded/web/node_modules/next/dist/compiled/next-server/app-page.runtime.prod.js:12:141547)
    at /home/jesse/infra/apps/Guilded/web/node_modules/next/dist/compiled/next-server/app-page.runtime.prod.js:12:138889
    at process.processTicksAndRejections (node:internal/process/task_queues:103:5)
TypeError: Cannot read properties of null (reading 'digest')
    at /home/jesse/infra/apps/Guilded/web/node_modules/next/dist/compiled/next-server/app-page.runtime.prod.js:13:18520
    at AsyncLocalStorage.run (node:internal/async_local_storage/async_hooks:91:14)
    at e_ (/home/jesse/infra/apps/Guilded/web/node_modules/next/dist/compiled/next-server/app-page.runtime.prod.js:12:141547)
    at /home/jesse/infra/apps/Guilded/web/node_modules/next/dist/compiled/next-server/app-page.runtime.prod.js:12:138889
    at process.processTicksAndRejections (node:internal/process/task_queues:103:5)
TypeError: Cannot read properties of null (reading 'digest')
    at /home/jesse/infra/apps/Guilded/web/node_modules/next/dist/compiled/next-server/app-page.runtime.prod.js:13:18520
    at AsyncLocalStorage.run (node:internal/async_local_storage/async_hooks:91:14)
    at e_ (/home/jesse/infra/apps/Guilded/web/node_modules/next/dist/compiled/next-server/app-page.runtime.prod.js:12:141547)
    at /home/jesse/infra/apps/Guilded/web/node_modules/next/dist/compiled/next-server/app-page.runtime.prod.js:12:138889
    at process.processTicksAndRejections (node:internal/process/task_queues:103:5)
TypeError: Cannot read properties of null (reading 'digest')
    at /home/jesse/infra/apps/Guilded/web/node_modules/next/dist/compiled/next-server/app-page.runtime.prod.js:13:18520
    at AsyncLocalStorage.run (node:internal/async_local_storage/async_hooks:91:14)
    at e_ (/home/jesse/infra/apps/Guilded/web/node_modules/next/dist/compiled/next-server/app-page.runtime.prod.js:12:141547)
    at /home/jesse/infra/apps/Guilded/web/node_modules/next/dist/compiled/next-server/app-page.runtime.prod.js:12:138889
    at process.processTicksAndRejections (node:internal/process/task_queues:103:5)
TypeError: Cannot read properties of null (reading 'digest')
    at /home/jesse/infra/apps/Guilded/web/node_modules/next/dist/compiled/next-server/app-page.runtime.prod.js:13:18520
    at AsyncLocalStorage.run (node:internal/async_local_storage/async_hooks:91:14)
    at e_ (/home/jesse/infra/apps/Guilded/web/node_modules/next/dist/compiled/next-server/app-page.runtime.prod.js:12:141547)
    at /home/jesse/infra/apps/Guilded/web/node_modules/next/dist/compiled/next-server/app-page.runtime.prod.js:12:138889
    at process.processTicksAndRejections (node:internal/process/task_queues:103:5)
TypeError: Cannot read properties of null (reading 'digest')
    at /home/jesse/infra/apps/Guilded/web/node_modules/next/dist/compiled/next-server/app-page.runtime.prod.js:13:18520
    at AsyncLocalStorage.run (node:internal/async_local_storage/async_hooks:91:14)
    at e_ (/home/jesse/infra/apps/Guilded/web/node_modules/next/dist/compiled/next-server/app-page.runtime.prod.js:12:141547)
    at /home/jesse/infra/apps/Guilded/web/node_modules/next/dist/compiled/next-server/app-page.runtime.prod.js:12:138889
    at process.processTicksAndRejections (node:internal/process/task_queues:103:5)
TypeError: Cannot read properties of null (reading 'digest')
    at /home/jesse/infra/apps/Guilded/web/node_modules/next/dist/compiled/next-server/app-page.runtime.prod.js:13:18520
    at AsyncLocalStorage.run (node:internal/async_local_storage/async_hooks:91:14)
    at e_ (/home/jesse/infra/apps/Guilded/web/node_modules/next/dist/compiled/next-server/app-page.runtime.prod.js:12:141547)
    at /home/jesse/infra/apps/Guilded/web/node_modules/next/dist/compiled/next-server/app-page.runtime.prod.js:12:138889
    at process.processTicksAndRejections (node:internal/process/task_queues:103:5)
TypeError: Cannot read properties of null (reading 'digest')
    at /home/jesse/infra/apps/Guilded/web/node_modules/next/dist/compiled/next-server/app-page.runtime.prod.js:13:18520
    at AsyncLocalStorage.run (node:internal/async_local_storage/async_hooks:91:14)
    at e_ (/home/jesse/infra/apps/Guilded/web/node_modules/next/dist/compiled/next-server/app-page.runtime.prod.js:12:141547)
    at /home/jesse/infra/apps/Guilded/web/node_modules/next/dist/compiled/next-server/app-page.runtime.prod.js:12:138889
    at process.processTicksAndRejections (node:internal/process/task_queues:103:5)
TypeError: Cannot read properties of null (reading 'digest')
    at /home/jesse/infra/apps/Guilded/web/node_modules/next/dist/compiled/next-server/app-page.runtime.prod.js:13:18520
    at AsyncLocalStorage.run (node:internal/async_local_storage/async_hooks:91:14)
    at e_ (/home/jesse/infra/apps/Guilded/web/node_modules/next/dist/compiled/next-server/app-page.runtime.prod.js:12:141547)
    at /home/jesse/infra/apps/Guilded/web/node_modules/next/dist/compiled/next-server/app-page.runtime.prod.js:12:138889
    at process.processTicksAndRejections (node:internal/process/task_queues:103:5)
TypeError: Cannot read properties of null (reading 'digest')
    at /home/jesse/infra/apps/Guilded/web/node_modules/next/dist/compiled/next-server/app-page.runtime.prod.js:13:18520
    at AsyncLocalStorage.run (node:internal/async_local_storage/async_hooks:91:14)
    at e_ (/home/jesse/infra/apps/Guilded/web/node_modules/next/dist/compiled/next-server/app-page.runtime.prod.js:12:141547)
    at /home/jesse/infra/apps/Guilded/web/node_modules/next/dist/compiled/next-server/app-page.runtime.prod.js:12:138889
    at process.processTicksAndRejections (node:internal/process/task_queues:103:5)
TypeError: Cannot read properties of null (reading 'digest')
    at /home/jesse/infra/apps/Guilded/web/node_modules/next/dist/compiled/next-server/app-page.runtime.prod.js:13:18520
    at AsyncLocalStorage.run (node:internal/async_local_storage/async_hooks:91:14)
    at e_ (/home/jesse/infra/apps/Guilded/web/node_modules/next/dist/compiled/next-server/app-page.runtime.prod.js:12:141547)
    at /home/jesse/infra/apps/Guilded/web/node_modules/next/dist/compiled/next-server/app-page.runtime.prod.js:12:138889
    at process.processTicksAndRejections (node:internal/process/task_queues:103:5)
TypeError: Cannot read properties of null (reading 'digest')
    at /home/jesse/infra/apps/Guilded/web/node_modules/next/dist/compiled/next-server/app-page.runtime.prod.js:13:18520
    at AsyncLocalStorage.run (node:internal/async_local_storage/async_hooks:91:14)
    at e_ (/home/jesse/infra/apps/Guilded/web/node_modules/next/dist/compiled/next-server/app-page.runtime.prod.js:12:141547)
    at /home/jesse/infra/apps/Guilded/web/node_modules/next/dist/compiled/next-server/app-page.runtime.prod.js:12:138889
    at process.processTicksAndRejections (node:internal/process/task_queues:103:5)
TypeError: Cannot read properties of null (reading 'digest')
    at /home/jesse/infra/apps/Guilded/web/node_modules/next/dist/compiled/next-server/app-page.runtime.prod.js:13:18520
    at AsyncLocalStorage.run (node:internal/async_local_storage/async_hooks:91:14)
    at e_ (/home/jesse/infra/apps/Guilded/web/node_modules/next/dist/compiled/next-server/app-page.runtime.prod.js:12:141547)
    at /home/jesse/infra/apps/Guilded/web/node_modules/next/dist/compiled/next-server/app-page.runtime.prod.js:12:138889
    at process.processTicksAndRejections (node:internal/process/task_queues:103:5)
TypeError: Cannot read properties of null (reading 'digest')
    at /home/jesse/infra/apps/Guilded/web/node_modules/next/dist/compiled/next-server/app-page.runtime.prod.js:13:18520
    at AsyncLocalStorage.run (node:internal/async_local_storage/async_hooks:91:14)
    at e_ (/home/jesse/infra/apps/Guilded/web/node_modules/next/dist/compiled/next-server/app-page.runtime.prod.js:12:141547)
    at /home/jesse/infra/apps/Guilded/web/node_modules/next/dist/compiled/next-server/app-page.runtime.prod.js:12:138889
    at process.processTicksAndRejections (node:internal/process/task_queues:103:5)
TypeError: Cannot read properties of null (reading 'digest')
    at /home/jesse/infra/apps/Guilded/web/node_modules/next/dist/compiled/next-server/app-page.runtime.prod.js:13:18520
    at AsyncLocalStorage.run (node:internal/async_local_storage/async_hooks:91:14)
    at e_ (/home/jesse/infra/apps/Guilded/web/node_modules/next/dist/compiled/next-server/app-page.runtime.prod.js:12:141547)
    at /home/jesse/infra/apps/Guilded/web/node_modules/next/dist/compiled/next-server/app-page.runtime.prod.js:12:138889
    at process.processTicksAndRejections (node:internal/process/task_queues:103:5)
  ▲ Next.js 14.2.5
  - Local:        http://localhost:3000
  - Network:      http://0.0.0.0:3000

 ✓ Starting...
 ✓ Ready in 522ms
 ⨯ Failed to start server
Error: listen EADDRINUSE: address already in use 0.0.0.0:3000
    at Server.setupListenHandle [as _listen2] (node:net:1940:16)
    at listenInCluster (node:net:1997:12)
    at node:net:2206:7
    at process.processTicksAndRejections (node:internal/process/task_queues:89:21) {
  code: 'EADDRINUSE',
  errno: -98,
  syscall: 'listen',
  address: '0.0.0.0',
  port: 3000
}
  ▲ Next.js 14.2.5
  - Local:        http://localhost:3000
  - Network:      http://0.0.0.0:3000

 ✓ Starting...
 ✓ Ready in 612ms
  ▲ Next.js 14.2.5
  - Local:        http://localhost:3000
  - Network:      http://0.0.0.0:3000

 ✓ Starting...
 ✓ Ready in 609ms
Error: Failed to find Server Action "x". This request might be from an older or newer deployment. Original error: Cannot read properties of undefined (reading 'workers')
    at rE (/home/jesse/infra/apps/Guilded/web/node_modules/next/dist/compiled/next-server/app-page.runtime.prod.js:16:1686)
    at /home/jesse/infra/apps/Guilded/web/node_modules/next/dist/compiled/next-server/app-page.runtime.prod.js:16:303
    at process.processTicksAndRejections (node:internal/process/task_queues:103:5)
    at async rR (/home/jesse/infra/apps/Guilded/web/node_modules/next/dist/compiled/next-server/app-page.runtime.prod.js:15:7978)
    at async r7 (/home/jesse/infra/apps/Guilded/web/node_modules/next/dist/compiled/next-server/app-page.runtime.prod.js:18:1144)
    at async doRender (/home/jesse/infra/apps/Guilded/web/node_modules/next/dist/server/base-server.js:1438:30)
    at async cacheEntry.responseCache.get.routeKind (/home/jesse/infra/apps/Guilded/web/node_modules/next/dist/server/base-server.js:1599:28)
    at async NextNodeServer.renderToResponseWithComponentsImpl (/home/jesse/infra/apps/Guilded/web/node_modules/next/dist/server/base-server.js:1507:28)
    at async NextNodeServer.renderErrorToResponseImpl (/home/jesse/infra/apps/Guilded/web/node_modules/next/dist/server/base-server.js:2189:24)
    at async pipe.req.req (/home/jesse/infra/apps/Guilded/web/node_modules/next/dist/server/base-server.js:2063:30)
Error: Failed to find Server Action "x". This request might be from an older or newer deployment. Original error: Cannot read properties of undefined (reading 'workers')
    at rE (/home/jesse/infra/apps/Guilded/web/node_modules/next/dist/compiled/next-server/app-page.runtime.prod.js:16:1686)
    at /home/jesse/infra/apps/Guilded/web/node_modules/next/dist/compiled/next-server/app-page.runtime.prod.js:16:303
    at process.processTicksAndRejections (node:internal/process/task_queues:103:5)
    at async rR (/home/jesse/infra/apps/Guilded/web/node_modules/next/dist/compiled/next-server/app-page.runtime.prod.js:15:7978)
    at async r7 (/home/jesse/infra/apps/Guilded/web/node_modules/next/dist/compiled/next-server/app-page.runtime.prod.js:18:1144)
    at async doRender (/home/jesse/infra/apps/Guilded/web/node_modules/next/dist/server/base-server.js:1438:30)
    at async cacheEntry.responseCache.get.routeKind (/home/jesse/infra/apps/Guilded/web/node_modules/next/dist/server/base-server.js:1599:28)
    at async NextNodeServer.renderToResponseWithComponentsImpl (/home/jesse/infra/apps/Guilded/web/node_modules/next/dist/server/base-server.js:1507:28)
    at async NextNodeServer.renderErrorToResponseImpl (/home/jesse/infra/apps/Guilded/web/node_modules/next/dist/server/base-server.js:2189:24)
    at async pipe.req.req (/home/jesse/infra/apps/Guilded/web/node_modules/next/dist/server/base-server.js:2063:30)
Error: Failed to find Server Action "x". This request might be from an older or newer deployment. Original error: Cannot read properties of undefined (reading 'workers')
    at rE (/home/jesse/infra/apps/Guilded/web/node_modules/next/dist/compiled/next-server/app-page.runtime.prod.js:16:1686)
    at /home/jesse/infra/apps/Guilded/web/node_modules/next/dist/compiled/next-server/app-page.runtime.prod.js:16:303
    at process.processTicksAndRejections (node:internal/process/task_queues:103:5)
    at async rR (/home/jesse/infra/apps/Guilded/web/node_modules/next/dist/compiled/next-server/app-page.runtime.prod.js:15:7978)
    at async r7 (/home/jesse/infra/apps/Guilded/web/node_modules/next/dist/compiled/next-server/app-page.runtime.prod.js:18:1144)
    at async doRender (/home/jesse/infra/apps/Guilded/web/node_modules/next/dist/server/base-server.js:1438:30)
    at async cacheEntry.responseCache.get.routeKind (/home/jesse/infra/apps/Guilded/web/node_modules/next/dist/server/base-server.js:1599:28)
    at async NextNodeServer.renderToResponseWithComponentsImpl (/home/jesse/infra/apps/Guilded/web/node_modules/next/dist/server/base-server.js:1507:28)
    at async NextNodeServer.renderErrorToResponseImpl (/home/jesse/infra/apps/Guilded/web/node_modules/next/dist/server/base-server.js:2189:24)
    at async pipe.req.req (/home/jesse/infra/apps/Guilded/web/node_modules/next/dist/server/base-server.js:2063:30)
Error: Failed to find Server Action "x". This request might be from an older or newer deployment. Original error: Cannot read properties of undefined (reading 'workers')
    at rE (/home/jesse/infra/apps/Guilded/web/node_modules/next/dist/compiled/next-server/app-page.runtime.prod.js:16:1686)
    at /home/jesse/infra/apps/Guilded/web/node_modules/next/dist/compiled/next-server/app-page.runtime.prod.js:16:303
    at process.processTicksAndRejections (node:internal/process/task_queues:103:5)
    at async rR (/home/jesse/infra/apps/Guilded/web/node_modules/next/dist/compiled/next-server/app-page.runtime.prod.js:15:7978)
    at async r7 (/home/jesse/infra/apps/Guilded/web/node_modules/next/dist/compiled/next-server/app-page.runtime.prod.js:18:1144)
    at async doRender (/home/jesse/infra/apps/Guilded/web/node_modules/next/dist/server/base-server.js:1438:30)
    at async cacheEntry.responseCache.get.routeKind (/home/jesse/infra/apps/Guilded/web/node_modules/next/dist/server/base-server.js:1599:28)
    at async NextNodeServer.renderToResponseWithComponentsImpl (/home/jesse/infra/apps/Guilded/web/node_modules/next/dist/server/base-server.js:1507:28)
    at async NextNodeServer.renderErrorToResponseImpl (/home/jesse/infra/apps/Guilded/web/node_modules/next/dist/server/base-server.js:2189:24)
    at async pipe.req.req (/home/jesse/infra/apps/Guilded/web/node_modules/next/dist/server/base-server.js:2063:30)
Error: Failed to find Server Action "x". This request might be from an older or newer deployment. Original error: Cannot read properties of undefined (reading 'workers')
    at rE (/home/jesse/infra/apps/Guilded/web/node_modules/next/dist/compiled/next-server/app-page.runtime.prod.js:16:1686)
    at /home/jesse/infra/apps/Guilded/web/node_modules/next/dist/compiled/next-server/app-page.runtime.prod.js:16:303
    at process.processTicksAndRejections (node:internal/process/task_queues:103:5)
    at async rR (/home/jesse/infra/apps/Guilded/web/node_modules/next/dist/compiled/next-server/app-page.runtime.prod.js:15:7978)
    at async r7 (/home/jesse/infra/apps/Guilded/web/node_modules/next/dist/compiled/next-server/app-page.runtime.prod.js:18:1144)
    at async doRender (/home/jesse/infra/apps/Guilded/web/node_modules/next/dist/server/base-server.js:1438:30)
    at async cacheEntry.responseCache.get.routeKind (/home/jesse/infra/apps/Guilded/web/node_modules/next/dist/server/base-server.js:1599:28)
    at async NextNodeServer.renderToResponseWithComponentsImpl (/home/jesse/infra/apps/Guilded/web/node_modules/next/dist/server/base-server.js:1507:28)
    at async NextNodeServer.renderErrorToResponseImpl (/home/jesse/infra/apps/Guilded/web/node_modules/next/dist/server/base-server.js:2189:24)
    at async pipe.req.req (/home/jesse/infra/apps/Guilded/web/node_modules/next/dist/server/base-server.js:2063:30)
Error: Failed to find Server Action "x". This request might be from an older or newer deployment. Original error: Cannot read properties of undefined (reading 'workers')
    at rE (/home/jesse/infra/apps/Guilded/web/node_modules/next/dist/compiled/next-server/app-page.runtime.prod.js:16:1686)
    at /home/jesse/infra/apps/Guilded/web/node_modules/next/dist/compiled/next-server/app-page.runtime.prod.js:16:303
    at process.processTicksAndRejections (node:internal/process/task_queues:103:5)
    at async rR (/home/jesse/infra/apps/Guilded/web/node_modules/next/dist/compiled/next-server/app-page.runtime.prod.js:15:7978)
    at async r7 (/home/jesse/infra/apps/Guilded/web/node_modules/next/dist/compiled/next-server/app-page.runtime.prod.js:18:1144)
    at async doRender (/home/jesse/infra/apps/Guilded/web/node_modules/next/dist/server/base-server.js:1438:30)
    at async cacheEntry.responseCache.get.routeKind (/home/jesse/infra/apps/Guilded/web/node_modules/next/dist/server/base-server.js:1599:28)
    at async NextNodeServer.renderToResponseWithComponentsImpl (/home/jesse/infra/apps/Guilded/web/node_modules/next/dist/server/base-server.js:1507:28)
    at async NextNodeServer.renderErrorToResponseImpl (/home/jesse/infra/apps/Guilded/web/node_modules/next/dist/server/base-server.js:2189:24)
    at async pipe.req.req (/home/jesse/infra/apps/Guilded/web/node_modules/next/dist/server/base-server.js:2063:30)
  ▲ Next.js 14.2.5
  - Local:        http://localhost:3000
  - Network:      http://0.0.0.0:3000

 ✓ Starting...
 ✓ Ready in 514ms
  ▲ Next.js 14.2.5
  - Local:        http://localhost:3000
  - Network:      http://0.0.0.0:3000

 ✓ Starting...
 ✓ Ready in 808ms
  ▲ Next.js 14.2.5
  - Local:        http://localhost:3000
  - Network:      http://0.0.0.0:3000

 ✓ Starting...
 ✓ Ready in 575ms
Error: Failed to find Server Action "x". This request might be from an older or newer deployment. Original error: Cannot read properties of undefined (reading 'workers')
    at rE (/home/jesse/infra/apps/Guilded/web/node_modules/next/dist/compiled/next-server/app-page.runtime.prod.js:16:1686)
    at /home/jesse/infra/apps/Guilded/web/node_modules/next/dist/compiled/next-server/app-page.runtime.prod.js:16:303
    at process.processTicksAndRejections (node:internal/process/task_queues:103:5)
    at async rR (/home/jesse/infra/apps/Guilded/web/node_modules/next/dist/compiled/next-server/app-page.runtime.prod.js:15:7978)
    at async r7 (/home/jesse/infra/apps/Guilded/web/node_modules/next/dist/compiled/next-server/app-page.runtime.prod.js:18:1144)
    at async doRender (/home/jesse/infra/apps/Guilded/web/node_modules/next/dist/server/base-server.js:1438:30)
    at async cacheEntry.responseCache.get.routeKind (/home/jesse/infra/apps/Guilded/web/node_modules/next/dist/server/base-server.js:1599:28)
    at async NextNodeServer.renderToResponseWithComponentsImpl (/home/jesse/infra/apps/Guilded/web/node_modules/next/dist/server/base-server.js:1507:28)
    at async NextNodeServer.renderErrorToResponseImpl (/home/jesse/infra/apps/Guilded/web/node_modules/next/dist/server/base-server.js:2189:24)
    at async pipe.req.req (/home/jesse/infra/apps/Guilded/web/node_modules/next/dist/server/base-server.js:2063:30)
Error: Failed to find Server Action "x". This request might be from an older or newer deployment. Original error: Cannot read properties of undefined (reading 'workers')
    at rE (/home/jesse/infra/apps/Guilded/web/node_modules/next/dist/compiled/next-server/app-page.runtime.prod.js:16:1686)
    at /home/jesse/infra/apps/Guilded/web/node_modules/next/dist/compiled/next-server/app-page.runtime.prod.js:16:303
    at process.processTicksAndRejections (node:internal/process/task_queues:103:5)
    at async rR (/home/jesse/infra/apps/Guilded/web/node_modules/next/dist/compiled/next-server/app-page.runtime.prod.js:15:7978)
    at async r7 (/home/jesse/infra/apps/Guilded/web/node_modules/next/dist/compiled/next-server/app-page.runtime.prod.js:18:1144)
    at async doRender (/home/jesse/infra/apps/Guilded/web/node_modules/next/dist/server/base-server.js:1438:30)
    at async cacheEntry.responseCache.get.routeKind (/home/jesse/infra/apps/Guilded/web/node_modules/next/dist/server/base-server.js:1599:28)
    at async NextNodeServer.renderToResponseWithComponentsImpl (/home/jesse/infra/apps/Guilded/web/node_modules/next/dist/server/base-server.js:1507:28)
    at async NextNodeServer.renderErrorToResponseImpl (/home/jesse/infra/apps/Guilded/web/node_modules/next/dist/server/base-server.js:2189:24)
    at async pipe.req.req (/home/jesse/infra/apps/Guilded/web/node_modules/next/dist/server/base-server.js:2063:30)
Error: Failed to find Server Action "x". This request might be from an older or newer deployment. Original error: Cannot read properties of undefined (reading 'workers')
    at rE (/home/jesse/infra/apps/Guilded/web/node_modules/next/dist/compiled/next-server/app-page.runtime.prod.js:16:1686)
    at /home/jesse/infra/apps/Guilded/web/node_modules/next/dist/compiled/next-server/app-page.runtime.prod.js:16:303
    at process.processTicksAndRejections (node:internal/process/task_queues:103:5)
    at async rR (/home/jesse/infra/apps/Guilded/web/node_modules/next/dist/compiled/next-server/app-page.runtime.prod.js:15:7978)
    at async r7 (/home/jesse/infra/apps/Guilded/web/node_modules/next/dist/compiled/next-server/app-page.runtime.prod.js:18:1144)
    at async doRender (/home/jesse/infra/apps/Guilded/web/node_modules/next/dist/server/base-server.js:1438:30)
    at async cacheEntry.responseCache.get.routeKind (/home/jesse/infra/apps/Guilded/web/node_modules/next/dist/server/base-server.js:1599:28)
    at async NextNodeServer.renderToResponseWithComponentsImpl (/home/jesse/infra/apps/Guilded/web/node_modules/next/dist/server/base-server.js:1507:28)
    at async NextNodeServer.renderErrorToResponseImpl (/home/jesse/infra/apps/Guilded/web/node_modules/next/dist/server/base-server.js:2189:24)
    at async pipe.req.req (/home/jesse/infra/apps/Guilded/web/node_modules/next/dist/server/base-server.js:2063:30)
Error: Failed to find Server Action "x". This request might be from an older or newer deployment. Original error: Cannot read properties of undefined (reading 'workers')
    at rE (/home/jesse/infra/apps/Guilded/web/node_modules/next/dist/compiled/next-server/app-page.runtime.prod.js:16:1686)
    at /home/jesse/infra/apps/Guilded/web/node_modules/next/dist/compiled/next-server/app-page.runtime.prod.js:16:303
    at process.processTicksAndRejections (node:internal/process/task_queues:103:5)
    at async rR (/home/jesse/infra/apps/Guilded/web/node_modules/next/dist/compiled/next-server/app-page.runtime.prod.js:15:7978)
    at async r7 (/home/jesse/infra/apps/Guilded/web/node_modules/next/dist/compiled/next-server/app-page.runtime.prod.js:18:1144)
    at async doRender (/home/jesse/infra/apps/Guilded/web/node_modules/next/dist/server/base-server.js:1438:30)
    at async cacheEntry.responseCache.get.routeKind (/home/jesse/infra/apps/Guilded/web/node_modules/next/dist/server/base-server.js:1599:28)
    at async NextNodeServer.renderToResponseWithComponentsImpl (/home/jesse/infra/apps/Guilded/web/node_modules/next/dist/server/base-server.js:1507:28)
    at async NextNodeServer.renderErrorToResponseImpl (/home/jesse/infra/apps/Guilded/web/node_modules/next/dist/server/base-server.js:2189:24)
    at async pipe.req.req (/home/jesse/infra/apps/Guilded/web/node_modules/next/dist/server/base-server.js:2063:30)
Error: Failed to find Server Action "x". This request might be from an older or newer deployment. Original error: Cannot read properties of undefined (reading 'workers')
    at rE (/home/jesse/infra/apps/Guilded/web/node_modules/next/dist/compiled/next-server/app-page.runtime.prod.js:16:1686)
    at /home/jesse/infra/apps/Guilded/web/node_modules/next/dist/compiled/next-server/app-page.runtime.prod.js:16:303
    at process.processTicksAndRejections (node:internal/process/task_queues:103:5)
    at async rR (/home/jesse/infra/apps/Guilded/web/node_modules/next/dist/compiled/next-server/app-page.runtime.prod.js:15:7978)
    at async r7 (/home/jesse/infra/apps/Guilded/web/node_modules/next/dist/compiled/next-server/app-page.runtime.prod.js:18:1144)
    at async doRender (/home/jesse/infra/apps/Guilded/web/node_modules/next/dist/server/base-server.js:1438:30)
    at async cacheEntry.responseCache.get.routeKind (/home/jesse/infra/apps/Guilded/web/node_modules/next/dist/server/base-server.js:1599:28)
    at async NextNodeServer.renderToResponseWithComponentsImpl (/home/jesse/infra/apps/Guilded/web/node_modules/next/dist/server/base-server.js:1507:28)
    at async NextNodeServer.renderErrorToResponseImpl (/home/jesse/infra/apps/Guilded/web/node_modules/next/dist/server/base-server.js:2189:24)
    at async pipe.req.req (/home/jesse/infra/apps/Guilded/web/node_modules/next/dist/server/base-server.js:2063:30)
Error: Failed to find Server Action "x". This request might be from an older or newer deployment. Original error: Cannot read properties of undefined (reading 'workers')
    at rE (/home/jesse/infra/apps/Guilded/web/node_modules/next/dist/compiled/next-server/app-page.runtime.prod.js:16:1686)
    at /home/jesse/infra/apps/Guilded/web/node_modules/next/dist/compiled/next-server/app-page.runtime.prod.js:16:303
    at process.processTicksAndRejections (node:internal/process/task_queues:103:5)
    at async rR (/home/jesse/infra/apps/Guilded/web/node_modules/next/dist/compiled/next-server/app-page.runtime.prod.js:15:7978)
    at async r7 (/home/jesse/infra/apps/Guilded/web/node_modules/next/dist/compiled/next-server/app-page.runtime.prod.js:18:1144)
    at async doRender (/home/jesse/infra/apps/Guilded/web/node_modules/next/dist/server/base-server.js:1438:30)
    at async cacheEntry.responseCache.get.routeKind (/home/jesse/infra/apps/Guilded/web/node_modules/next/dist/server/base-server.js:1599:28)
    at async NextNodeServer.renderToResponseWithComponentsImpl (/home/jesse/infra/apps/Guilded/web/node_modules/next/dist/server/base-server.js:1507:28)
    at async NextNodeServer.renderErrorToResponseImpl (/home/jesse/infra/apps/Guilded/web/node_modules/next/dist/server/base-server.js:2189:24)
    at async pipe.req.req (/home/jesse/infra/apps/Guilded/web/node_modules/next/dist/server/base-server.js:2063:30)
TypeError: Cannot read properties of null (reading 'digest')
    at /home/jesse/infra/apps/Guilded/web/node_modules/next/dist/compiled/next-server/app-page.runtime.prod.js:13:18520
    at AsyncLocalStorage.run (node:internal/async_local_storage/async_hooks:91:14)
    at e_ (/home/jesse/infra/apps/Guilded/web/node_modules/next/dist/compiled/next-server/app-page.runtime.prod.js:12:141547)
    at /home/jesse/infra/apps/Guilded/web/node_modules/next/dist/compiled/next-server/app-page.runtime.prod.js:12:138889
    at process.processTicksAndRejections (node:internal/process/task_queues:103:5)
TypeError: Cannot read properties of null (reading 'digest')
    at /home/jesse/infra/apps/Guilded/web/node_modules/next/dist/compiled/next-server/app-page.runtime.prod.js:13:18520
    at AsyncLocalStorage.run (node:internal/async_local_storage/async_hooks:91:14)
    at e_ (/home/jesse/infra/apps/Guilded/web/node_modules/next/dist/compiled/next-server/app-page.runtime.prod.js:12:141547)
    at /home/jesse/infra/apps/Guilded/web/node_modules/next/dist/compiled/next-server/app-page.runtime.prod.js:12:138889
    at process.processTicksAndRejections (node:internal/process/task_queues:103:5)
TypeError: Cannot read properties of null (reading 'digest')
    at /home/jesse/infra/apps/Guilded/web/node_modules/next/dist/compiled/next-server/app-page.runtime.prod.js:13:18520
    at AsyncLocalStorage.run (node:internal/async_local_storage/async_hooks:91:14)
    at e_ (/home/jesse/infra/apps/Guilded/web/node_modules/next/dist/compiled/next-server/app-page.runtime.prod.js:12:141547)
    at /home/jesse/infra/apps/Guilded/web/node_modules/next/dist/compiled/next-server/app-page.runtime.prod.js:12:138889
    at process.processTicksAndRejections (node:internal/process/task_queues:103:5)
TypeError: Cannot read properties of null (reading 'digest')
    at /home/jesse/infra/apps/Guilded/web/node_modules/next/dist/compiled/next-server/app-page.runtime.prod.js:13:18520
    at AsyncLocalStorage.run (node:internal/async_local_storage/async_hooks:91:14)
    at e_ (/home/jesse/infra/apps/Guilded/web/node_modules/next/dist/compiled/next-server/app-page.runtime.prod.js:12:141547)
    at /home/jesse/infra/apps/Guilded/web/node_modules/next/dist/compiled/next-server/app-page.runtime.prod.js:12:138889
    at processTicksAndRejections (node:internal/process/task_queues:103:5)
    at runNextTicks (node:internal/process/task_queues:68:3)
    at listOnTimeout (node:internal/timers:547:9)
    at process.processTimers (node:internal/timers:521:7)
TypeError: Cannot read properties of null (reading 'digest')
    at /home/jesse/infra/apps/Guilded/web/node_modules/next/dist/compiled/next-server/app-page.runtime.prod.js:13:18520
    at AsyncLocalStorage.run (node:internal/async_local_storage/async_hooks:91:14)
    at e_ (/home/jesse/infra/apps/Guilded/web/node_modules/next/dist/compiled/next-server/app-page.runtime.prod.js:12:141547)
    at /home/jesse/infra/apps/Guilded/web/node_modules/next/dist/compiled/next-server/app-page.runtime.prod.js:12:138889
    at process.processTicksAndRejections (node:internal/process/task_queues:103:5)
TypeError: Cannot read properties of null (reading 'digest')
    at /home/jesse/infra/apps/Guilded/web/node_modules/next/dist/compiled/next-server/app-page.runtime.prod.js:13:18520
    at AsyncLocalStorage.run (node:internal/async_local_storage/async_hooks:91:14)
    at e_ (/home/jesse/infra/apps/Guilded/web/node_modules/next/dist/compiled/next-server/app-page.runtime.prod.js:12:141547)
    at /home/jesse/infra/apps/Guilded/web/node_modules/next/dist/compiled/next-server/app-page.runtime.prod.js:12:138889
    at process.processTicksAndRejections (node:internal/process/task_queues:103:5)
TypeError: Cannot read properties of null (reading 'digest')
    at /home/jesse/infra/apps/Guilded/web/node_modules/next/dist/compiled/next-server/app-page.runtime.prod.js:13:18520
    at AsyncLocalStorage.run (node:internal/async_local_storage/async_hooks:91:14)
    at e_ (/home/jesse/infra/apps/Guilded/web/node_modules/next/dist/compiled/next-server/app-page.runtime.prod.js:12:141547)
    at /home/jesse/infra/apps/Guilded/web/node_modules/next/dist/compiled/next-server/app-page.runtime.prod.js:12:138889
    at process.processTicksAndRejections (node:internal/process/task_queues:103:5)
TypeError: Cannot read properties of null (reading 'digest')
    at /home/jesse/infra/apps/Guilded/web/node_modules/next/dist/compiled/next-server/app-page.runtime.prod.js:13:18520
    at AsyncLocalStorage.run (node:internal/async_local_storage/async_hooks:91:14)
    at e_ (/home/jesse/infra/apps/Guilded/web/node_modules/next/dist/compiled/next-server/app-page.runtime.prod.js:12:141547)
    at /home/jesse/infra/apps/Guilded/web/node_modules/next/dist/compiled/next-server/app-page.runtime.prod.js:12:138889
    at process.processTicksAndRejections (node:internal/process/task_queues:103:5)
TypeError: Cannot read properties of null (reading 'digest')
    at /home/jesse/infra/apps/Guilded/web/node_modules/next/dist/compiled/next-server/app-page.runtime.prod.js:13:18520
    at AsyncLocalStorage.run (node:internal/async_local_storage/async_hooks:91:14)
    at e_ (/home/jesse/infra/apps/Guilded/web/node_modules/next/dist/compiled/next-server/app-page.runtime.prod.js:12:141547)
    at /home/jesse/infra/apps/Guilded/web/node_modules/next/dist/compiled/next-server/app-page.runtime.prod.js:12:138889
    at process.processTicksAndRejections (node:internal/process/task_queues:103:5)
TypeError: Cannot read properties of null (reading 'digest')
    at /home/jesse/infra/apps/Guilded/web/node_modules/next/dist/compiled/next-server/app-page.runtime.prod.js:13:18520
    at AsyncLocalStorage.run (node:internal/async_local_storage/async_hooks:91:14)
    at e_ (/home/jesse/infra/apps/Guilded/web/node_modules/next/dist/compiled/next-server/app-page.runtime.prod.js:12:141547)
    at /home/jesse/infra/apps/Guilded/web/node_modules/next/dist/compiled/next-server/app-page.runtime.prod.js:12:138889
    at processTicksAndRejections (node:internal/process/task_queues:103:5)
    at runNextTicks (node:internal/process/task_queues:68:3)
    at listOnTimeout (node:internal/timers:547:9)
    at process.processTimers (node:internal/timers:521:7)
TypeError: Cannot read properties of null (reading 'digest')
    at /home/jesse/infra/apps/Guilded/web/node_modules/next/dist/compiled/next-server/app-page.runtime.prod.js:13:18520
    at AsyncLocalStorage.run (node:internal/async_local_storage/async_hooks:91:14)
    at e_ (/home/jesse/infra/apps/Guilded/web/node_modules/next/dist/compiled/next-server/app-page.runtime.prod.js:12:141547)
    at /home/jesse/infra/apps/Guilded/web/node_modules/next/dist/compiled/next-server/app-page.runtime.prod.js:12:138889
    at process.processTicksAndRejections (node:internal/process/task_queues:103:5)
TypeError: Cannot read properties of null (reading 'digest')
    at /home/jesse/infra/apps/Guilded/web/node_modules/next/dist/compiled/next-server/app-page.runtime.prod.js:13:18520
    at AsyncLocalStorage.run (node:internal/async_local_storage/async_hooks:91:14)
    at e_ (/home/jesse/infra/apps/Guilded/web/node_modules/next/dist/compiled/next-server/app-page.runtime.prod.js:12:141547)
    at /home/jesse/infra/apps/Guilded/web/node_modules/next/dist/compiled/next-server/app-page.runtime.prod.js:12:138889
    at process.processTicksAndRejections (node:internal/process/task_queues:103:5)
TypeError: Cannot read properties of null (reading 'digest')
    at /home/jesse/infra/apps/Guilded/web/node_modules/next/dist/compiled/next-server/app-page.runtime.prod.js:13:18520
    at AsyncLocalStorage.run (node:internal/async_local_storage/async_hooks:91:14)
    at e_ (/home/jesse/infra/apps/Guilded/web/node_modules/next/dist/compiled/next-server/app-page.runtime.prod.js:12:141547)
    at /home/jesse/infra/apps/Guilded/web/node_modules/next/dist/compiled/next-server/app-page.runtime.prod.js:12:138889
    at process.processTicksAndRejections (node:internal/process/task_queues:103:5)
TypeError: Cannot read properties of null (reading 'digest')
    at /home/jesse/infra/apps/Guilded/web/node_modules/next/dist/compiled/next-server/app-page.runtime.prod.js:13:18520
    at AsyncLocalStorage.run (node:internal/async_local_storage/async_hooks:91:14)
    at e_ (/home/jesse/infra/apps/Guilded/web/node_modules/next/dist/compiled/next-server/app-page.runtime.prod.js:12:141547)
    at /home/jesse/infra/apps/Guilded/web/node_modules/next/dist/compiled/next-server/app-page.runtime.prod.js:12:138889
    at process.processTicksAndRejections (node:internal/process/task_queues:103:5)
TypeError: Cannot read properties of null (reading 'digest')
    at /home/jesse/infra/apps/Guilded/web/node_modules/next/dist/compiled/next-server/app-page.runtime.prod.js:13:18520
    at AsyncLocalStorage.run (node:internal/async_local_storage/async_hooks:91:14)
    at e_ (/home/jesse/infra/apps/Guilded/web/node_modules/next/dist/compiled/next-server/app-page.runtime.prod.js:12:141547)
    at /home/jesse/infra/apps/Guilded/web/node_modules/next/dist/compiled/next-server/app-page.runtime.prod.js:12:138889
    at processTicksAndRejections (node:internal/process/task_queues:103:5)
    at runNextTicks (node:internal/process/task_queues:68:3)
    at listOnTimeout (node:internal/timers:547:9)
    at process.processTimers (node:internal/timers:521:7)
TypeError: Cannot read properties of null (reading 'digest')
    at /home/jesse/infra/apps/Guilded/web/node_modules/next/dist/compiled/next-server/app-page.runtime.prod.js:13:18520
    at AsyncLocalStorage.run (node:internal/async_local_storage/async_hooks:91:14)
    at e_ (/home/jesse/infra/apps/Guilded/web/node_modules/next/dist/compiled/next-server/app-page.runtime.prod.js:12:141547)
    at /home/jesse/infra/apps/Guilded/web/node_modules/next/dist/compiled/next-server/app-page.runtime.prod.js:12:138889
    at process.processTicksAndRejections (node:internal/process/task_queues:103:5)
TypeError: Cannot read properties of null (reading 'digest')
    at /home/jesse/infra/apps/Guilded/web/node_modules/next/dist/compiled/next-server/app-page.runtime.prod.js:13:18520
    at AsyncLocalStorage.run (node:internal/async_local_storage/async_hooks:91:14)
    at e_ (/home/jesse/infra/apps/Guilded/web/node_modules/next/dist/compiled/next-server/app-page.runtime.prod.js:12:141547)
    at /home/jesse/infra/apps/Guilded/web/node_modules/next/dist/compiled/next-server/app-page.runtime.prod.js:12:138889
    at process.processTicksAndRejections (node:internal/process/task_queues:103:5)
TypeError: Cannot read properties of null (reading 'digest')
    at /home/jesse/infra/apps/Guilded/web/node_modules/next/dist/compiled/next-server/app-page.runtime.prod.js:13:18520
    at AsyncLocalStorage.run (node:internal/async_local_storage/async_hooks:91:14)
    at e_ (/home/jesse/infra/apps/Guilded/web/node_modules/next/dist/compiled/next-server/app-page.runtime.prod.js:12:141547)
    at /home/jesse/infra/apps/Guilded/web/node_modules/next/dist/compiled/next-server/app-page.runtime.prod.js:12:138889
    at process.processTicksAndRejections (node:internal/process/task_queues:103:5)
TypeError: Cannot read properties of null (reading 'digest')
    at /home/jesse/infra/apps/Guilded/web/node_modules/next/dist/compiled/next-server/app-page.runtime.prod.js:13:18520
    at AsyncLocalStorage.run (node:internal/async_local_storage/async_hooks:91:14)
    at e_ (/home/jesse/infra/apps/Guilded/web/node_modules/next/dist/compiled/next-server/app-page.runtime.prod.js:12:141547)
    at /home/jesse/infra/apps/Guilded/web/node_modules/next/dist/compiled/next-server/app-page.runtime.prod.js:12:138889
    at process.processTicksAndRejections (node:internal/process/task_queues:103:5)
TypeError: Cannot read properties of null (reading 'digest')
    at /home/jesse/infra/apps/Guilded/web/node_modules/next/dist/compiled/next-server/app-page.runtime.prod.js:13:18520
    at AsyncLocalStorage.run (node:internal/async_local_storage/async_hooks:91:14)
    at e_ (/home/jesse/infra/apps/Guilded/web/node_modules/next/dist/compiled/next-server/app-page.runtime.prod.js:12:141547)
    at /home/jesse/infra/apps/Guilded/web/node_modules/next/dist/compiled/next-server/app-page.runtime.prod.js:12:138889
    at process.processTicksAndRejections (node:internal/process/task_queues:103:5)
TypeError: Cannot read properties of null (reading 'digest')
    at /home/jesse/infra/apps/Guilded/web/node_modules/next/dist/compiled/next-server/app-page.runtime.prod.js:13:18520
    at AsyncLocalStorage.run (node:internal/async_local_storage/async_hooks:91:14)
    at e_ (/home/jesse/infra/apps/Guilded/web/node_modules/next/dist/compiled/next-server/app-page.runtime.prod.js:12:141547)
    at /home/jesse/infra/apps/Guilded/web/node_modules/next/dist/compiled/next-server/app-page.runtime.prod.js:12:138889
    at processTicksAndRejections (node:internal/process/task_queues:103:5)
    at runNextTicks (node:internal/process/task_queues:68:3)
    at listOnTimeout (node:internal/timers:547:9)
    at process.processTimers (node:internal/timers:521:7)
TypeError: Cannot read properties of null (reading 'digest')
    at /home/jesse/infra/apps/Guilded/web/node_modules/next/dist/compiled/next-server/app-page.runtime.prod.js:13:18520
    at AsyncLocalStorage.run (node:internal/async_local_storage/async_hooks:91:14)
    at e_ (/home/jesse/infra/apps/Guilded/web/node_modules/next/dist/compiled/next-server/app-page.runtime.prod.js:12:141547)
    at /home/jesse/infra/apps/Guilded/web/node_modules/next/dist/compiled/next-server/app-page.runtime.prod.js:12:138889
    at process.processTicksAndRejections (node:internal/process/task_queues:103:5)
TypeError: Cannot read properties of null (reading 'digest')
    at /home/jesse/infra/apps/Guilded/web/node_modules/next/dist/compiled/next-server/app-page.runtime.prod.js:13:18520
    at AsyncLocalStorage.run (node:internal/async_local_storage/async_hooks:91:14)
    at e_ (/home/jesse/infra/apps/Guilded/web/node_modules/next/dist/compiled/next-server/app-page.runtime.prod.js:12:141547)
    at /home/jesse/infra/apps/Guilded/web/node_modules/next/dist/compiled/next-server/app-page.runtime.prod.js:12:138889
    at process.processTicksAndRejections (node:internal/process/task_queues:103:5)
TypeError: Cannot read properties of null (reading 'digest')
    at /home/jesse/infra/apps/Guilded/web/node_modules/next/dist/compiled/next-server/app-page.runtime.prod.js:13:18520
    at AsyncLocalStorage.run (node:internal/async_local_storage/async_hooks:91:14)
    at e_ (/home/jesse/infra/apps/Guilded/web/node_modules/next/dist/compiled/next-server/app-page.runtime.prod.js:12:141547)
    at /home/jesse/infra/apps/Guilded/web/node_modules/next/dist/compiled/next-server/app-page.runtime.prod.js:12:138889
    at process.processTicksAndRejections (node:internal/process/task_queues:103:5)
TypeError: Cannot read properties of null (reading 'digest')
    at /home/jesse/infra/apps/Guilded/web/node_modules/next/dist/compiled/next-server/app-page.runtime.prod.js:13:18520
    at AsyncLocalStorage.run (node:internal/async_local_storage/async_hooks:91:14)
    at e_ (/home/jesse/infra/apps/Guilded/web/node_modules/next/dist/compiled/next-server/app-page.runtime.prod.js:12:141547)
    at /home/jesse/infra/apps/Guilded/web/node_modules/next/dist/compiled/next-server/app-page.runtime.prod.js:12:138889
    at process.processTicksAndRejections (node:internal/process/task_queues:103:5)
TypeError: Cannot read properties of null (reading 'digest')
    at /home/jesse/infra/apps/Guilded/web/node_modules/next/dist/compiled/next-server/app-page.runtime.prod.js:13:18520
    at AsyncLocalStorage.run (node:internal/async_local_storage/async_hooks:91:14)
    at e_ (/home/jesse/infra/apps/Guilded/web/node_modules/next/dist/compiled/next-server/app-page.runtime.prod.js:12:141547)
    at /home/jesse/infra/apps/Guilded/web/node_modules/next/dist/compiled/next-server/app-page.runtime.prod.js:12:138889
    at process.processTicksAndRejections (node:internal/process/task_queues:103:5)
TypeError: Cannot read properties of null (reading 'digest')
    at /home/jesse/infra/apps/Guilded/web/node_modules/next/dist/compiled/next-server/app-page.runtime.prod.js:13:18520
    at AsyncLocalStorage.run (node:internal/async_local_storage/async_hooks:91:14)
    at e_ (/home/jesse/infra/apps/Guilded/web/node_modules/next/dist/compiled/next-server/app-page.runtime.prod.js:12:141547)
    at /home/jesse/infra/apps/Guilded/web/node_modules/next/dist/compiled/next-server/app-page.runtime.prod.js:12:138889
    at process.processTicksAndRejections (node:internal/process/task_queues:103:5)
TypeError: Cannot read properties of null (reading 'digest')
    at /home/jesse/infra/apps/Guilded/web/node_modules/next/dist/compiled/next-server/app-page.runtime.prod.js:13:18520
    at AsyncLocalStorage.run (node:internal/async_local_storage/async_hooks:91:14)
    at e_ (/home/jesse/infra/apps/Guilded/web/node_modules/next/dist/compiled/next-server/app-page.runtime.prod.js:12:141547)
    at /home/jesse/infra/apps/Guilded/web/node_modules/next/dist/compiled/next-server/app-page.runtime.prod.js:12:138889
    at process.processTicksAndRejections (node:internal/process/task_queues:103:5)
  ▲ Next.js 14.2.5
  - Local:        http://localhost:3000
  - Network:      http://0.0.0.0:3000

 ✓ Starting...
 ✓ Ready in 792ms
Error: Failed to find Server Action "x". This request might be from an older or newer deployment. Original error: Cannot read properties of undefined (reading 'workers')
    at rE (/home/jesse/infra/apps/Guilded/web/node_modules/next/dist/compiled/next-server/app-page.runtime.prod.js:16:1686)
    at /home/jesse/infra/apps/Guilded/web/node_modules/next/dist/compiled/next-server/app-page.runtime.prod.js:16:303
    at process.processTicksAndRejections (node:internal/process/task_queues:103:5)
    at async rR (/home/jesse/infra/apps/Guilded/web/node_modules/next/dist/compiled/next-server/app-page.runtime.prod.js:15:7978)
    at async r7 (/home/jesse/infra/apps/Guilded/web/node_modules/next/dist/compiled/next-server/app-page.runtime.prod.js:18:1144)
    at async doRender (/home/jesse/infra/apps/Guilded/web/node_modules/next/dist/server/base-server.js:1438:30)
    at async cacheEntry.responseCache.get.routeKind (/home/jesse/infra/apps/Guilded/web/node_modules/next/dist/server/base-server.js:1599:28)
    at async NextNodeServer.renderToResponseWithComponentsImpl (/home/jesse/infra/apps/Guilded/web/node_modules/next/dist/server/base-server.js:1507:28)
    at async NextNodeServer.renderPageComponent (/home/jesse/infra/apps/Guilded/web/node_modules/next/dist/server/base-server.js:1931:24)
    at async NextNodeServer.renderToResponseImpl (/home/jesse/infra/apps/Guilded/web/node_modules/next/dist/server/base-server.js:1969:32)
